Id,Email,HashedPassword,Role,Created
1,admin@gmail.com,$2b$12$VRQZJWeSLWMyBwDpxsk18OdXOBMcDoYJA8fZC4g4wTAoXPlpXiW/W,admin,2023-07-25T04:42:34
2,quangle@gmail.com,$2b$12$0hBYb6E/T/rQUsIjy17OV.pvsfWnvDEHNqGLAjtyJQhPyble050bK,,2023-07-25T04:55:39
3,zaidhamasha@gmail.com,$2b$12$M6Kd625zVRUTmwZXDCZwWeHyS/zyy5/1g0xGVjOsnGTjcwly.igjG,,2023-07-25T04:56:03
4,udaniels@example.org,$2b$12$vXIKyj4XTOKgxosfk5SjROSWYLvcIll9dY86jV0sc1rfj32amVCUW,,2023-07-25T05:06:01
5,omarhines@example.org,$2b$12$SIktFywiUUHR8qOLTIrZGOwmiqhjDm2H5kRjeHaL8V0kOELj14fsi,,2023-07-25T05:11:10
6,meganelliott@example.com,$2b$12$CbXLmbaoF4ruExlohhiiHO2Nkf2eKg5MOG6f7CSdaS5q7ezwIEJiy,,2023-07-25T05:14:27
7,ptaylor@example.net,$2b$12$nEqwL5w2YdPES4iPJ2b7OuX7Lq5l1ikB3U3ZEYZ08JNHwVFh0GPQC,,2023-07-25T05:26:45
8,amber48@example.com,$2b$12$qk8DdfcRr5TF1nFV1eQH..ZoldYiuQdsaFXbmw9IoJi1zUI1QTRSC,,2023-07-25T05:42:08
9,jasmine74@example.com,$2b$12$tIYsqtTGB.rIqHLs7mNm7.G.fXQudTa2ycAyGjo1P5LFwf6uzuJJu,,2023-07-25T05:47:32
10,joannamendoza@example.com,$2b$12$UPi1FxQucf8WKZp2x17R..mMfb7yoKLxwkyz3KVWRNG0swYfZR4KG,,2023-07-25T05:53:05
11,sblack@example.com,$2b$12$oZG5q/Q9Xt13LpEeVhzehOg.ceThExEk9qxl.FqxxXlAKl6ts9ora,,2023-07-25T06:06:56
12,tammychambers@example.net,$2b$12$ppIIEBFGGgeQmEuRZMOVcu3lqc/mX8nxmZHVn3eRy4Bgpkh2ZfBki,,2023-07-25T06:16:06
13,leslie00@example.com,$2b$12$m9FcayWng5i7DWdtENHLgOUlQgEXQcgvbOLXjpuP.kytssQAM7Q0u,,2023-07-25T06:30:59
14,ygray@example.net,$2b$12$8cOn1TaIopqShPJZ893VN.eJgEWfZga.CDRXSahMiUTlvZ/Qf7VRO,,2023-07-25T06:34:16
15,zfields@example.net,$2b$12$Nrmua18aKSnQDlVIxJYZw.RxOpP.rg54BaTFdq4x9Ldwv.EkO1qty,,2023-07-25T06:48:18
16,kzamora@example.com,$2b$12$Fq1Qbn2TGFk084zdcdTa5ehsJRuaa6mnjUBM.PCb3t3XctUvyc4DO,,2023-07-25T06:54:14
17,uhernandez@example.net,$2b$12$qLu724jNGH4txyBXKBS6nuYQHIUHK.ZUnIS8elCCG2eszad9ebBrC,,2023-07-25T07:03:49
18,megan13@example.com,$2b$12$ns7YM2ugI9OE2uNZZe5j6O7rTXn3.EbYKM9Uzstr0NgDFBmW0xh8O,,2023-07-25T07:19:01
19,juanfernandez@example.net,$2b$12$tpD21.8di7f98xZAtn51UOnx9IhSrwRFSySnhIZJuMYMYkTKFhNWe,,2023-07-25T07:21:38
20,melissataylor@example.com,$2b$12$yQEP7TnFofZN2ksgMGRQWO7n5eff0tmyxtJ1yIZZ2sl0PpV5d6XMK,,2023-07-25T07:34:34
21,danieldecker@example.com,$2b$12$wZeGWBx3xFimwVghG7G1qOyj9e3W0ED0rFY9.G1NwQ1VYe2RyJ9R6,,2023-07-25T07:41:08
22,uhall@example.net,$2b$12$3P0Cg9X8CdMSAdCbk0fH7OWcJVg.zy9V6nDsRAyvWrQWAsExm5mqe,,2023-07-25T07:50:11
23,qhurst@example.net,$2b$12$hMxNvTK9vsFQJQWyeVd8uutjHo4dT8x5SlXJDxWRlYdn38oOojfw2,,2023-07-25T08:00:38
24,david49@example.net,$2b$12$HakNyfl8P4WYNd.5fW/Fde1hFBHlQEb/9cnWO/DrvZID6n8CPgbsy,,2023-07-25T08:09:34
25,larryparker@example.org,$2b$12$/lbcYlvftMaqs2SqIVmyYeND0shGDfNMJISyuQ4UJcJcJASxlxLq2,,2023-07-25T08:24:28
26,evansanthony@example.com,$2b$12$U6YGvoEXnXkTumJGIXcWS.bZdFXGKQ.XKhhosFnxtSZgdo4RTCQ0i,,2023-07-25T08:34:50
27,jessicalee@example.com,$2b$12$EyPaenwf3KSPqHhOChtJ/u88wrkLyMsiVZ/1ORdW4h2XtOraB5xe.,,2023-07-25T08:40:07
28,stevenbowman@example.com,$2b$12$pCwkmX3O.P7TF7iHB1fcKO00dKKSY22iYOOJTaigU1hsolqzcsg12,,2023-07-25T08:50:43
29,icastillo@example.com,$2b$12$iBL9a4fQN9qizd8e4ZNqXuNClYr9/enVK.Q9sh2ryu0XqPO63jYFi,,2023-07-25T09:05:43
30,abigailsmith@example.org,$2b$12$eEkj916goSqaCKCpLHfN8O45wnPWY1Ja1nc/FKIhR1ttiHfH8gGPG,,2023-07-25T09:07:48
31,aroberts@example.org,$2b$12$wd0xnuEfxDHX8v4hkUInmuXvUuBsu7p2g7TArUlvg2cxGq3qd/Tk2,,2023-07-25T09:13:02
32,towens@example.net,$2b$12$238/HbBCI9QqRSeagEkB6eaa2tAtMXNqoDFSzGlr6RfexJvJx3uZq,,2023-07-25T09:18:12
33,amy86@example.com,$2b$12$LZ3CjGnjIZrl/EsdgEf4bOn7XYOsMoVg/iXy/NGCh1.MRVbCSsR9.,,2023-07-25T09:31:37
34,brendagregory@example.com,$2b$12$8nMIeA9WgQkC9Shnuc/Zz..FDc/XegJQRRAW1MtVgbE8p2C2FPMui,,2023-07-25T09:35:29
35,munozwilliam@example.net,$2b$12$/B7VU9Apabb74NK/IO4vpO344CjFWwcpfQu/mUbhgHHF0CspUdqBy,,2023-07-25T09:36:19
36,everettmarc@example.com,$2b$12$p6yqDEVQnXZ3gzehldnteOpL1dxw5fyrvTJCIENWX8jRTgERyXTHu,,2023-07-25T09:40:39
37,zsimon@example.net,$2b$12$Qblqn1j2n2kTFjfcObzcmeLz1yG2wzl.z2XZQOcFuRjQEkSrT1oq.,,2023-07-25T09:44:10
38,randallthomas@example.org,$2b$12$wr0aIefa34s9XpjequEqjOTEo0s011.caIle5ma87Kc9Rej6qJQfK,,2023-07-25T09:55:03
39,msmith@example.org,$2b$12$jI7Ww.VDIAdcDrlOXL5L7.Y594Xf6eDzGqQtuMpfFXM3OYhN6U.36,,2023-07-25T09:58:45
40,mcleananthony@example.org,$2b$12$dKiICf.vKutmmRAcU2tT0um/gbjRYjMfC09lzIaNRDCV5YxbnfjAq,,2023-07-25T10:15:09
41,moorekrystal@example.org,$2b$12$CewSXH4.ev11CE0vXTYJ3.n1phEWXgFSoVufgO1infJC2zT1AICS2,,2023-07-25T10:23:39
42,judy47@example.com,$2b$12$SxVcglzf5c8wv1PUiGNlW.st/GAb2SsszasdkuEAr5AP/KRxZC836,,2023-07-25T10:38:18
43,eharris@example.net,$2b$12$iKLg2ol2S35N0iXGz/Y0H.1BTJXjy5316yX09ZUJ.n/WcHdO/IW26,,2023-07-25T10:38:53
44,holly45@example.net,$2b$12$FdwxQYHqEsEsVe3tYRAA.OFrfepVA0PWG8296b05awRkiod2mMZzu,,2023-07-25T10:45:56
45,phillipskenneth@example.org,$2b$12$grHLX2H/abCpf1Sa8UvGQufaLtSGart15b.v0EiPEd1AegCmelkKK,,2023-07-25T10:49:54
46,jeffreyhardin@example.com,$2b$12$ipjemm7dMQcRDwZR0glRb.xZj/gW6GPRHGK2B7zfaQ/mv7Jrf0KOq,,2023-07-25T11:01:54
47,nelsonjeffrey@example.org,$2b$12$vZJQ2w5FF3/RfzI74UY/ceG1hph.PJ0bRtsHYsekXAlQO7MKa9oIu,,2023-07-25T11:07:07
48,levineadam@example.net,$2b$12$BqUHi6dvXc0U2dQeES7/UOPxQ5ympXuXTxNPIIVcWpvb.IRmKb6Me,,2023-07-25T11:22:31
49,martinezmichael@example.com,$2b$12$.gxNxWuHHSgF90uPXZfQm.ScEAPr.JktGKUrVx7nH921.CFtigYfS,,2023-07-25T11:33:59
50,mbaker@example.org,$2b$12$nuljdGRNGhrve61TBhWgmOdemqg42sxVaHLPTdNgqKBlegiKO6tiG,,2023-07-25T11:43:57
51,crawfordantonio@example.com,$2b$12$q.ka9EckoMViOyPouR5os.m067.FdWtoILslvvFDtVQBykqhqsX7W,,2023-07-25T11:44:38
52,caldwellchristine@example.net,$2b$12$PwUfVY8PZAZfobWhuoHGUOmDLDl0dqfvI4Cr4CnrUAc0xb3gZR0TW,,2023-07-25T11:56:32
53,larry88@example.org,$2b$12$pGXWJPthY8igSA2sfk0e6eJDETCTB6xc24tEnCQ9euMzDtOCi28Mu,,2023-07-25T12:02:40
54,hillchristine@example.org,$2b$12$RGllNu8yFysqTtwYfsZVeORlTzo1TkM1NjIchRyg2xdVhfLjeyrZy,,2023-07-25T12:17:00
55,robert25@example.com,$2b$12$2daRQagILUpvIJ0/9/YtYuRnIrDUDyKMkPPTHzd0LJwVbL2YSTMja,,2023-07-25T12:32:54
56,nmatthews@example.net,$2b$12$0Y1AcaCFrWfCkbCiSPpO2.Jwai8cg1PnF04EKLwc4SIjHEJ9gkukC,,2023-07-25T12:37:14
57,michaelmartinez@example.net,$2b$12$mO9iNcpDqe1s6uSb/.TdaeBGoSgpqAPeq0xrCNyKFRAYEHM8GB.Vy,,2023-07-25T12:50:41
58,richardsonwilliam@example.net,$2b$12$RVKb5YJ0CI7yud0QIT3nnevcPVbNFpFlZwOW.IYhAD8YJjBb4my2K,,2023-07-25T12:55:04
59,eharris@example.com,$2b$12$aUA7eXEtC59oLuxzTTDlq.HaKkJuPvzVwdNazm.JF2KUipfGm.L2K,,2023-07-25T13:00:45
60,karlanderson@example.net,$2b$12$DcBJ15UctosrFBpvygjycO72hltngxtpH5tIlgXxTnfnikL8v4aVO,,2023-07-25T13:04:48
61,robertvazquez@example.com,$2b$12$4Fc1Co2L4JEwJjVGBcHuXOd58RIlr.CZFPnU493jEMFJ.N401QuFS,,2023-07-25T13:20:10
62,stevensonchristopher@example.com,$2b$12$83pje0VMyzGgclsXENknseENItzqVW63.gUI3baP5eoqfCvZNeqy.,,2023-07-25T13:32:04
63,eparker@example.net,$2b$12$.bkiBQzVFAVXmP6YGg00w.w4oGzKvS02jQ4Ewkwpadf2G8Hx8zpDG,,2023-07-25T13:48:41
64,sullivanwilliam@example.com,$2b$12$2NRz8NRDQ6hKgdB3OqLKYO9atHdxSrrA5hAjSFI6RYdPRnF5tq.O6,,2023-07-25T14:00:37
65,john94@example.net,$2b$12$GHrm/nBrTosJMOhDXSBLAuhUcpxkaOQbjGnPBIhGwm5pq9rv/fY5e,,2023-07-25T14:04:50
66,ahanna@example.com,$2b$12$kbIsaaD4APfbAExs/.EN9.pF0a7i4VZwSsSVBLGAq2zdxlAjDsSh.,,2023-07-25T14:08:27
67,ambermorris@example.org,$2b$12$WpRsYd0QczxNblAAFMxavO/e30NeXJoPUOK/gRdMFB8tV1vAdcVwO,,2023-07-25T14:20:58
68,ppearson@example.net,$2b$12$8X6ojCwlA7ZNCqDmY2PO2uONp4yohL32040.KEGKEItfoj1SXezXS,,2023-07-25T14:30:06
69,pamelahuffman@example.net,$2b$12$c2UeoFHzwtNzGxcRS/TIH.PmydfeJCmxWgYQBWXTq9y6DhPp4bXNO,,2023-07-25T14:30:16
70,ariaskyle@example.com,$2b$12$u70QmtmcOwnqePOeti4u8OCKzD8UDzldChHHTwT8bwnPTpYnV2bWi,,2023-07-25T14:30:42
71,roypaul@example.org,$2b$12$iUcpP2mvDSZIXB9Td6P25OIBzkJphL2ZQn5VNZExgs6FLH4yuEg32,,2023-07-25T14:46:36
72,evansdaniel@example.net,$2b$12$8WyQp26dmfMvb/PujQBywONYflgtULvIyOtCPOCz2.petbGxrOCcq,,2023-07-25T14:50:36
73,huffmankimberly@example.org,$2b$12$2UtGQJ/Xv1VgCFdKvqGt3uGQEYfTZ3FfahlDZkd4wE5r966buW6wy,,2023-07-25T14:57:51
74,warneramanda@example.org,$2b$12$SDZGhPyZrFQJeyk4KfC1EekxEw4iGvdkwiMqXKN1Kyr8cWL7ETcMi,,2023-07-25T15:03:22
75,fpratt@example.org,$2b$12$7Zpi4tUuNgCVoXc8n5NyM.UPlRjPy4579UIhdnkZJpco1NnqiwgbK,,2023-07-25T15:06:05
76,bmartinez@example.com,$2b$12$kq8qsMEhI470xw1pcmOCnuAgVgJSxAkPj5GVh13q2SDu8Z8gIwiQm,,2023-07-25T15:07:28
77,smithmichael@example.net,$2b$12$Yjvf1fcCJm3Q1d7dD2H5meykfA1llIJMKvsa/iwuuNbFOM.XERWSe,,2023-07-25T15:11:38
78,cthomas@example.net,$2b$12$JKwk3UAk0owlDPHZOJYZ4eNbYN/zGF9nPvm4HioiYQXv5w7ZmY7/i,,2023-07-25T15:14:51
79,thomassimmons@example.com,$2b$12$0zmJnlG.2VDUNv6VEwBv5uEUHCuOJkW1w5q9lW82l5RzmFekoaUzW,,2023-07-25T15:31:06
80,dustincamacho@example.com,$2b$12$TzD/ZzChrUdeUrNgrrB7L.1TqWXpCScemDSgRZdZaaJvEhEkluwYa,,2023-07-25T15:45:12
81,josephalexander@example.net,$2b$12$nfmO/Ba/lwvwX.LHRXpZZeMp/mYpQ2FYIEzbCFB2d8hU1iTiMPkiu,,2023-07-25T15:58:21
82,howardamanda@example.net,$2b$12$PttZa2tu3jE1Yp..b6qz6.8JQ9dltwvbMx4F2M/7bNSUIZfX8N10S,,2023-07-25T16:02:00
83,robersonstephanie@example.com,$2b$12$SSL/dyP5ncNvh5bV2a8Au.ZN943.9Fi9/Jgn1NTGN0.G3KqCiN4D6,,2023-07-25T16:16:55
84,ywilkins@example.org,$2b$12$kF5stQhMbnWPJ4lS3A1nnO1e52fjVrnNrxPKUCk6wp960EV7DCGGO,,2023-07-25T16:30:37
85,stevensullivan@example.org,$2b$12$qGzbCU0UdprKFcyJPgXEnutVjbCrHUXXsmHrRyl4CElpOcfDx2d0G,,2023-07-25T16:39:13
86,russomichelle@example.org,$2b$12$zgNBGf9wDu57KIXvVoYiB.t5g1dkyOsvezF3s3y16oR5jqTnjElYi,,2023-07-25T16:47:33
87,katienewman@example.com,$2b$12$l1dWDjIEyeWjMjQ3G4z.mOjrITvoTapazx33K4.HIOqlINwmuJHci,,2023-07-25T16:58:33
88,fcobb@example.net,$2b$12$HGIV4K1pbdpuqKyBEsHUqOnEVyjr7fXU5GqLuCZqM4LTZENS3qwca,,2023-07-25T17:07:49
89,zgray@example.com,$2b$12$YR61jcGjUlaUhE7ADw9Lk.pADdXZaBprfAdgtXXX5.FahLF8huQWm,,2023-07-25T17:20:24
90,zpayne@example.org,$2b$12$qPS8CWcI9KdRR2u7eU8sj.FTCqf/P6G8vq9MzSg84KW1h38OcdHfG,,2023-07-25T17:21:20
91,dianajohnson@example.com,$2b$12$P1DFrv1tSEprcabGgG2TQe48w8Trgx6PZj.gkRwQc2oWGNcF5bTHq,,2023-07-25T17:31:08
92,hannaholson@example.com,$2b$12$A.kWItbT3lnZLw3cgefsDuVzXUxTMG1Ta0kvGcOHfMB6JGhhjefSC,,2023-07-25T17:42:58
93,bradfordmichelle@example.com,$2b$12$BkIr.byLssv/ddYqI6PzdO8Gmyq35L3uf6RG.1hvQGUn4C8iA09Tu,,2023-07-25T17:52:32
94,garciakatrina@example.org,$2b$12$xkgf./cX/6jq4FN9f9dI4uc1gMPQfcMdXzqqnfUEAI.Nhe7ly23x.,,2023-07-25T18:06:50
95,susanholden@example.net,$2b$12$K5Dd4JdMr8EAy9ow3z/hL.WjE8jh5G7eGUpr0ZxVwEUT/F1X3i4x2,,2023-07-25T18:11:52
96,uchandler@example.org,$2b$12$dynU24UsBu8rowyzMYff/uuRDZ7ftu8yFyMM8OAxhFqcHx/yKqTbO,,2023-07-25T18:18:59
97,joseph81@example.org,$2b$12$E7lWmZEMmeflSjkL0uaSgOvYos3h0N3.l9haSKpvcXKxbQyu11Gcy,,2023-07-25T18:30:29
98,sandra45@example.net,$2b$12$hyJFytjd7uhOH41akr077Ouxr.kcAKW4wl6uV/2qwAXoLX4vv6XJS,,2023-07-25T18:41:09
99,hlawson@example.com,$2b$12$3ZbghrHjrN4wl6mdF.Klsu5H87Y3Kw4RQtHXrEbsxOO./MI1td8Ze,,2023-07-25T18:47:06
100,amanda02@example.org,$2b$12$2U4yZBP5Nf1DIzT75YkpeeGXs2X7X.HErtsdNavkVe/Zib/hGGJdu,,2023-07-25T21:54:59
101,mconner@example.com,$2b$12$d.lczbOZDVZfWv36ssHd..MMsWuhiXAeyT0sn3t30Li..iw70jM92,,2023-07-27T22:22:27
102,jonescarol@example.com,$2b$12$kHBBDg4sS8wu2FF3HL0V4.8qZ2ox54R7by.QgVTQTTTwpaIsXe0W6,,2023-07-28T03:30:19
103,jennifer49@example.org,$2b$12$JOqA06VvhKz1e33Xy6UjN.REp1dp.fhUVDFzYvvFnL4P0jtUsF8va,,2023-07-29T09:50:37
104,smithaaron@example.com,$2b$12$SagFpVbCvOp830AcEQltdeuF2Y70Cf.yhgU3FNpMrZCw0vyw/m2pi,,2023-07-29T15:07:41
105,christopher39@example.net,$2b$12$0P.KHIXsWiCDJ5lI8AFO7ugp8ccNHx0VO4vZz8JGh3Zf5ScsHOFeC,,2023-07-29T16:47:03
106,harrisonneil@example.org,$2b$12$bhfA3w34KpRJ2TIb8hS.quSJW/qAFkX.3kqxdZ.lAu8quIXtNdyZ6,,2023-07-29T17:36:16
107,tararhodes@example.com,$2b$12$n6NesxwHd1/Yc.lYuqSmHOIMtKSxSydlf1vBLg2zM5N1G4hvVbM16,,2023-07-30T05:25:34
108,mary85@example.org,$2b$12$aNksW0v6cz7WDzJtuh8X6ucMz.NFSLN1EOC8KH.UBl0Zru9qV2BvC,,2023-07-30T14:30:10
109,oliverkara@example.com,$2b$12$Z/XRg5xIUPpliyTY/FGca.zYXQWYjl6xTWOIM2hDzFTbWYXcKSv7a,,2023-07-31T05:14:10
110,patrickramos@example.org,$2b$12$.q4laVtKYArdjT12IVvlAOKl7frw4SMm51U0Mxsx.MTubQHMJjIgi,,2023-07-31T15:04:15
111,oclements@example.com,$2b$12$5TkIr05BuyZ9B3POLUb7Ze04Rm8EDhQKOJsBSxTbmJttH3vW9QGxC,,2023-08-01T16:52:02
112,rhondamacias@example.org,$2b$12$H.km2Nwnybn037EogFwwj.osehURmgStcODorMhayvkVkOdlgDOjm,,2023-08-02T16:19:30
113,joseph30@example.org,$2b$12$4AiCNUv29c6qPViuYaMHS.RCxzaljirqQszPfvF8PD0dxXV6R393y,,2023-08-03T15:30:02
114,williamreynolds@example.org,$2b$12$RtAuDD8TB3g5fDjwKbzoWOH6vp5beSqeRimoYKLKn.D1MUqGUMQU.,,2023-08-05T08:02:10
115,williambarton@example.com,$2b$12$9.oIrbZWG8Go5Urj9OF7uef.xjUoyVysYLi2UFSKDfo5s6LUPyd7m,,2023-08-06T13:19:19
116,christine65@example.com,$2b$12$UI5E./egAH4Z9Q9Po5EYb.GMRR8P5ZDN1CpZRqaCdvstjGDX3fA/m,,2023-08-07T17:05:19
117,william63@example.org,$2b$12$T5XV89irPelszuX8Ama3XO29K429cQB2S3L/V7KyFgCRpFL7vcOwe,,2023-08-07T17:11:03
118,friedmanhannah@example.net,$2b$12$n6WZLKgt71Pdu1P3iycAVejjjA/.t9DwQMUEHjro3oFVVVrU3mY26,,2023-08-07T20:52:05
119,benjaminallen@example.net,$2b$12$JFFxbv1rwWakxRx4JcabEuum26cMFkCxvBRi7wrlFwuVHhJfHXQhi,,2023-08-10T00:37:23
120,omckee@example.net,$2b$12$u4aOkqUtQDaQcXOh3kkiQ.HUaeXNFM0x5ANPUk6AwOKIx7IzWomHK,,2023-08-10T13:49:48
121,valenzuelajeremy@example.com,$2b$12$oz4PjNMzxJHGRswSZEDapOWUsj.BGPPi.GYTJJEexeKeZ7kNMHl82,,2023-08-10T14:40:30
122,heatherbautista@example.org,$2b$12$0S6UvAJOStYTuggxUHxVkO7Y6XnvWbLI8g5f8shBHigv7iX/7YSgK,,2023-08-10T14:48:38
123,franklin35@example.net,$2b$12$ZiDLJYDzwIXy9LvRrGkeGuUtS6cunXL/cpojktjHvuH0Eg3cOoSny,,2023-08-11T01:42:57
124,brianwilliams@example.net,$2b$12$LmyuQsqJP/iaxSCtY9udG.0X.juFoMeWbybl/kzNaFhFEP4ghtOJe,,2023-08-11T05:02:46
125,danderson@example.org,$2b$12$lfUkq5EZOf9NBLg2kBxouey6pMf39fNgYptUW2rp2L0j.ZptMGHx2,,2023-08-11T05:35:02
126,jameslee@example.com,$2b$12$NYycbSTfRBl1QKCVRJXHXuIEroWqTsQ7z7mdacdsqfDcZsVE9j7Di,,2023-08-11T16:38:17
127,osmith@example.net,$2b$12$kf8Ie2kL/crBHaJBnJ8rFehK7mizHwoG6qyzA9aBSdkFCWHu/kqBy,,2023-08-12T01:12:25
128,medinajodi@example.net,$2b$12$u86JbTeWVaSaof.jh9raneG5VhcW.UpzptTHVm8qmtFrYMznwsfwa,,2023-08-12T19:38:57
129,camposstephanie@example.com,$2b$12$v63bkJL2MHIxA21zJTwT0.8byLEnN6xrDyctm5QDHDNZfETofViVa,,2023-08-13T01:54:27
130,joshua21@example.net,$2b$12$vasqMvb5XjB/OY5qYqKPSudelCZG863PcOA5Vcb8394FzSQw7unBy,,2023-08-13T08:47:35
131,davidmedina@example.net,$2b$12$g8NXW9txu5TkB8aOJkxQ0.YbGeoX8rtjNmW3OpIWMDY2NwU3FmQhu,,2023-08-13T17:02:50
132,jean58@example.com,$2b$12$w0bcaHGoT72988ZWZKX9fee/8EvNmL5hRAvMzGkeKLK9BrlbjW8RW,,2023-08-14T06:07:13
133,ehaley@example.net,$2b$12$uXrtWEB.LRJ.7CFKQHY7/uAi0thyxskebfVSlPuSD3YdBm30LAbZ6,,2023-08-14T16:06:31
134,lynndeleon@example.com,$2b$12$I/2S.IFxPyH78kiHx0m8J.Ibsy9Rr7XeahAb82bcfrO4zniAVaAxW,,2023-08-14T16:24:20
135,jacquelinechavez@example.org,$2b$12$NbHiwkohVcAcdi7EC91VrOluVNBO03WXN2UH/0IAXaUmKHIRjqyk2,,2023-08-15T04:36:36
136,sarah52@example.org,$2b$12$qfyBpH4RJ8PJpK56ahL13.oLsy4LFmEFdMiVetfUcz1nrlxQLMpPK,,2023-08-15T09:00:07
137,elizabethwarner@example.com,$2b$12$bgY6qyvqV9l5pEftNmaq0Oe0uD3KDVnIcbuLwSh/sxyQBbYkH0rwi,,2023-08-15T09:48:54
138,ruth80@example.net,$2b$12$ipbSQbV5DCp/YwjipoA6NeOIjIWjdQzNCqrWRwMKWEk4bGE/te9kS,,2023-08-15T12:45:35
139,vjordan@example.org,$2b$12$9Ylmehkg9p.hXlIUc/rAoezNftlAbGIs7QCJFmnsAV7revNuLttn2,,2023-08-16T05:07:10
140,mcruz@example.org,$2b$12$XOW2hn/.szdYTb4KMEwRX.W8gbEUFaCdg4AGR3Hm/.A/pXAvTswiC,,2023-08-16T14:04:49
141,wardtheresa@example.org,$2b$12$xj2LlEPM5rjQgoz1ZCGpCO/sY11.GR0FRejVQrXqnPXZxIYa81Dn6,,2023-08-16T19:27:45
142,jessicacarter@example.org,$2b$12$0/iiUuthIhY2SsSOwnLs6edLzPWYqAE.jsR4AoN7dWwBneLitWUHG,,2023-08-16T21:29:19
143,susangibbs@example.com,$2b$12$g/TgGhtlrkN.mZSX31/yNO2Bx2eRfp6vKd25fbK76FRltOFvniq.u,,2023-08-17T06:00:17
144,beckwayne@example.org,$2b$12$kzFuXCuYX1DfqYg9pvtI4uzZOTzFy0aJRISVoHwdcjUTJnLS8ll1a,,2023-08-17T13:24:56
145,sgarrison@example.org,$2b$12$rlQdbz/9iCwTb3NJq7rrWeP1HljdhWsjSIF/6BJlf2zOQUj/qM7LW,,2023-08-17T13:44:22
146,rkeith@example.net,$2b$12$RSiWKcQbZAeLZOB/5/nQNOClVJV7wwf.HTdaotl9cN.2xt3SSnrHa,,2023-08-17T13:45:46
147,tmiller@example.net,$2b$12$uAD1yBUD95.x01Z9jj3CqentvicnhberkfWhPCKXySs/OPY7YDMpO,,2023-08-17T21:11:54
148,jonestrevor@example.com,$2b$12$QmYXvtREUJ7YVRGZ7Vq5me51pwWtxGMNy5J9epNvd8aWoABWTSz62,,2023-08-17T22:27:07
149,taylorerickson@example.org,$2b$12$TK2gd8moiAgoCUY7FJVXj.6U6xKhfD13.h/AkoRb7iBuyRSiSpkKy,,2023-08-18T00:01:12
150,bakersamuel@example.org,$2b$12$cNGTOv35DTpmwnLNYfWhQuVnqynciVPvpjRKtJ5MvbxOFazL6SEdC,,2023-08-18T02:59:53
151,wandawade@example.com,$2b$12$tBOnuia9/wCRm1KoprZmredNFD7Yp6yqIMGjeG.QnW6U7OZFRJMiq,,2023-08-18T05:50:52
152,sarah14@example.org,$2b$12$GZ1V8CXy5jUd7Jl8J6JUpe0L50jKmgklnM.nbdqUwCY9lyHaELVCS,,2023-08-18T09:45:30
153,nobledustin@example.org,$2b$12$haoHoDbXlTQ8GcyQN0gdRezdXcjdP3ZoM/Cks9.66Hf8vbArVIbgm,,2023-08-18T16:12:12
154,eileenbeck@example.org,$2b$12$KQIYpVk0hLguVMwVX77GZ.bfUwPRU6rWRBpAXWNshfHwQgg.kOLvO,,2023-08-18T21:18:05
155,hoodamy@example.net,$2b$12$2iPR2KWQvymPGK2tj86GE.eM99YU1n/03NJF.QEJCPNlVU2GVlKO6,,2023-08-19T11:16:54
156,rharris@example.net,$2b$12$MrXcm.all7xtddCYW8N02uceAGCqEWZlr9k9WlOPtWgS964Zq8F2S,,2023-08-19T13:00:47
157,kirkerin@example.net,$2b$12$MgxmrL.rfVJWJajNeyWFqeR4amDEt/Li31joudTCZodTi2WNO8d3S,,2023-08-19T20:38:31
158,victoriaray@example.org,$2b$12$AS01foBoWDw1xhVRgWK2ZexQLCOIA8u5tzyvpeA2aN3Exqb3hEO3C,,2023-08-20T14:33:28
159,hollysilva@example.net,$2b$12$GkjNmomxhuDTAjkBI.wbo.5ivM77uMg/Ne8bVOSRIFmX.kpSxC5hi,,2023-08-20T22:57:30
160,rhonda98@example.org,$2b$12$4fZx8AwNiMGbstWVZFQByuMAXafkwBG/ws2XnQH5H5qU.UILHUmVW,,2023-08-21T01:33:31
161,julia37@example.net,$2b$12$k8HwbexddAWuyrMX/G7JAO6DKcJsLevkD7.rP8Pu23I/XPyRkouia,,2023-08-21T17:57:52
162,gnelson@example.net,$2b$12$lJlIGz6kwwXxtzPIqkM3Iu43Z59/mCeCOjkvWzzTTo84Mumk/2C3a,,2023-08-21T18:40:29
163,lawrence60@example.org,$2b$12$xpgDGXRArZqpdLDvY7HzKuu92vku4MAT89gy6uPDPl2..R5dhX5Sq,,2023-08-21T20:24:10
164,xwoodward@example.org,$2b$12$VV0HfxWsDN6/hkphxw9I0OpL/80lwQUehzsbXDu0weYsa1VFUUky2,,2023-08-22T06:55:56
165,qhowell@example.net,$2b$12$rE5TmGczBmm6PjSMferIVuqozfMBXYtfLi86ceh8zzZBvbQPm6L7C,,2023-08-22T12:15:00
166,nathanielchapman@example.org,$2b$12$S9CTuGc.4tiGI8cg4mwZCesnUbQlHzcCJ7T63hwvGHQZxVn13P7PS,,2023-08-22T14:34:27
167,paulwilliams@example.com,$2b$12$yN39Tz7oX9LZ7nJ1vAzUnuhgmNQ/91F9HwCEwTtQxl9MGJDt5gNrS,,2023-08-22T16:23:05
168,gcarlson@example.org,$2b$12$EQHbcP8M6lyQcBtO8nPLN.70raBm1GvEndigJlbqncUQsxSbpQZ7C,,2023-08-22T17:14:30
169,kenneth56@example.org,$2b$12$qMURWmCssy2QrchWW0RrrOyvz7RABCnfTqTDR0e.D98j0eNaeaNA6,,2023-08-22T22:26:17
170,darlenejohnson@example.org,$2b$12$uq18LB2gvQrlSb1t2eM/du9VrsyCcV8S9VjP2FACFWnCB8rNz1zUS,,2023-08-22T22:46:14
171,herrerariley@example.com,$2b$12$1NfLQ8VVuhDv0iXzYg1KruteiLvCut79Qof0FleOn33FCI6otw21y,,2023-08-23T03:24:35
172,powersjoshua@example.net,$2b$12$qu3pXun8eekRwHkcxXE2xOZrDLpDHgNywsa6XGLkB0M2puUOo4WgW,,2023-08-23T18:18:04
173,kathleen97@example.com,$2b$12$vwLPRgqFs6GZVT0d9WfYD.QsGDUW9py6OMpkMJRPdV9Ln/UAIFnhu,,2023-08-23T23:15:00
174,reginald28@example.net,$2b$12$iey5O2P15XgnGu24.K/D1uI4NRdoTyBVwm5MRhiAzYUpfIMNex00e,,2023-08-24T01:40:35
175,johnsonmitchell@example.com,$2b$12$wf1uhSGJHhNnSrLvgCDMj.ki/N/SGqdo7NX7DEG5JE.HS/0KmuqaO,,2023-08-24T04:45:32
176,fsmith@example.com,$2b$12$sLFI5FoYxd0wMUeaiEIVjOH/D7DUXMOLTcNw2Vn7ipOdty57sv.Ny,,2023-08-24T05:32:42
177,hknight@example.org,$2b$12$sM52JJEt5rVf4JESzOdoi.xUvIgEGczmoM7zuSzIMZVZPpu/6u0NG,,2023-08-24T07:35:07
178,jwagner@example.com,$2b$12$SVLQ/xATpV3H/.LmP/YY0.NzJN3HBwQ//XOmXV/LfEUhOng3/iGcC,,2023-08-25T05:15:17
179,catherinebrown@example.org,$2b$12$VLgomO.HUE/iv4KE3iZBau71y/U/Zjo0QYnhQ26Wrh5YDZVGZit2i,,2023-08-25T05:38:16
180,lscott@example.com,$2b$12$Ph42QYxjvsNkCjaaQDJs0.MBTHthiljKniX40YuPvS23kaPTYpG5q,,2023-08-25T13:32:53
181,ngonzalez@example.org,$2b$12$r5QroSepaMiM2mX4826E3OjuaOL1JO0GGBAKwjcEOeEt4b7kaKIP6,,2023-08-25T16:22:46
182,theresa67@example.org,$2b$12$uVEEC4j4o/EmLc654xY/uuJwQE8Wyg7IkwChwNqn/od9BJchRi8Lu,,2023-08-25T18:22:34
183,bestmelissa@example.com,$2b$12$XUC1GRKHQo/v2COWU2yI9.s7s.abFlglzn2tMPk9TxpTJNAkHuabK,,2023-08-25T18:52:05
184,wayne77@example.com,$2b$12$nwDBr1g7UkHmMZNbBCStfuIIVD0QlV6eX6eHTUYT3Zcbzi.mRnaEq,,2023-08-25T19:13:27
185,clayton65@example.net,$2b$12$2GHuG92g/RTCGR4mHMM.POkLGar/XRsfvdbvVQi60E87cjLcjeeoq,,2023-08-25T22:15:38
186,jenkinsdouglas@example.com,$2b$12$6lDxINxgy2w0Gf.uKzoQmeCx1WTTrtYTwTyuR2gaPPryBFvYhxy3e,,2023-08-25T23:36:21
187,maryjones@example.org,$2b$12$ErsnNfVkvySSj9WXw564EOk9CBWJQZtfZBSt1Yvzqhnzn7gbvunxS,,2023-08-26T08:29:26
188,erikathompson@example.net,$2b$12$GLLqDWe00hcmKilkbSzyG.Frjo4rerWZuUAj.QI1tTiYt8mVulkfG,,2023-08-26T10:02:32
189,sanderstodd@example.net,$2b$12$pIQZFiJro0xGpeKebtj8J.XBsPUG5KQRESssrd9Z4bopto3.oTwKi,,2023-08-26T10:59:13
190,danielle03@example.net,$2b$12$LbLsqiPXYIsWYamVfCNur.Zg.xNff1OS2bC5MfqDpiuwe5xqjl8di,,2023-08-26T12:46:55
191,gchen@example.net,$2b$12$q9UttsQhhShuCkXU7vymjePuo0xV2wsT6SGd0YPOsEE5euFl3dLnG,,2023-08-26T13:49:33
192,robert72@example.org,$2b$12$gtvPhhN4wT6Vw4/ELOL7ReXMMwQiwzxyS9yym1Llsd2Xs/km9FLNC,,2023-08-26T14:51:43
193,gerald01@example.org,$2b$12$UIACfUy1nbCndxxKmlnAvePQyKQMV8xvwAgO.aNKYifbUU1HUARtm,,2023-08-26T15:12:53
194,rruiz@example.org,$2b$12$b0/oV14eew/dPw9591uOFO0XLtikx9dPHRglMaBN4AwftHv59N9Ki,,2023-08-26T15:46:39
195,erica47@example.org,$2b$12$aA7j8iQz8jX5lkGHeV9kMeIwaAw1GlF0a1oTRCN7PS3zIcMSjFTBG,,2023-08-26T16:49:36
196,matthew04@example.com,$2b$12$amFdqtNWgIAr5SyK9GIQCeRaiYQcef7hZCXYlU87MhFIGSVZRuaSO,,2023-08-26T20:24:30
197,carrjeremy@example.org,$2b$12$udumCLIERJPzQrPatrpNKeLC9fHuOqJfv4o13JGng3/4ooCtiQgum,,2023-08-26T21:55:22
198,ramirezmatthew@example.net,$2b$12$c/oJ3wLGZO8b5897AbXoM.Ebcm14F.F7wc7IdthCXUlo2uvd6OUCe,,2023-08-26T22:46:57
199,nthompson@example.com,$2b$12$buGYTO6JCSlOAl.ECfbHKOY2dh8Tggj/YZ0qJ8gar.GCpeWM01mcK,,2023-08-26T23:25:17
200,awelch@example.net,$2b$12$4alJyjN6P01p.gOScnkitOpRpAz3iz4TYJBNu1zgTuxeCwnrvun7.,,2023-08-26T23:41:57
201,derricktaylor@example.com,$2b$12$YG1HiQ5Jcfa4d//mfo.Yj.DtrkZLaw/Ey76DXwBftlnFu6BR.VlDq,,2023-08-27T01:41:25
202,reynoldsmatthew@example.net,$2b$12$rboiJ/S9bOfN9iu3ZX0yXeTJcKRttYsLLfPgl5MfdMR4nEXTp7B7i,,2023-08-27T01:45:41
203,nwilkerson@example.com,$2b$12$Xo2fIZRiFBjIfbTp0JqEO.FIehUsdSq4dUjuw6TWCxODVizOlcQlu,,2023-08-27T02:13:01
204,william85@example.org,$2b$12$skyoXzDWxH7Xh2jCI0Ivuu9Urn/jiRweHFIxbkvOQ5pW2m6hfjgjC,,2023-08-27T04:22:23
205,slynch@example.net,$2b$12$r0IhqmFtEZ24ls8gcmEC1.5ad76INrTmaPr2.bdmJ7BNEKOSeWvw6,,2023-08-27T09:02:10
206,hubbardallison@example.com,$2b$12$pj5f.XERn7r//y..jsQJa.qhVB3WtS90Jfp8uoEAUy3mWNrKXegh6,,2023-08-27T10:10:08
207,sjacobs@example.com,$2b$12$XtV1nsXQWINIkaEeKkYiOuX8aEId7tVs/uwQmnXYEnCnkKe7reJ6m,,2023-08-27T13:03:19
208,phillip31@example.net,$2b$12$EESNVFN4UOm2Xy2zQ6wNWuGU/qvu9m4YqAY5CF5p5YgLVk2sdGRtm,,2023-08-27T14:00:52
209,jgay@example.com,$2b$12$rFlgMnSpx9iSOyhmIGwfDO/19SUNoMNrSIiGEZa6Kwq8cWKJM0/5y,,2023-08-27T15:37:14
210,crystal49@example.net,$2b$12$4UUYcfOVxThzB1x6m7hbG.sknju5dESxiYteQ209ahWDUQIdN37Py,,2023-08-27T20:47:44
211,michellesoto@example.org,$2b$12$iTWnGLuxeLHbpgRuoNkNtOXAEzc6MXcILQPnFDUo2IlGVYeW56z0m,,2023-08-27T22:32:53
212,gjohnson@example.com,$2b$12$VYAuR10ogj7hlV3LCaDKJejhC/bEBe9Ed5skK94ixIurPv3iLnL92,,2023-08-28T00:20:02
213,rrosales@example.net,$2b$12$r1ijlQYXHkL9x6Y52pOMHeRQ5IBgyEqrZQH8ce5YQ6TCm5BQFwi3.,,2023-08-28T01:20:04
214,nelsonkristina@example.net,$2b$12$vvPv/4BIpskUy639yxGWzOYsUnLAbZXLaAukYePA8PPeM/qSFE2xi,,2023-08-28T04:32:46
215,sharonwebster@example.com,$2b$12$mDLP7tf7GKUFDCankOMaZ./yu7fLY5LaLdpH3MdZuAI4kv2VoGtee,,2023-08-28T08:36:53
216,vstrickland@example.net,$2b$12$8eaiw8HwF5BBmmRzliB4fechCiyAOyJ6ztPurovwDAE/0duwsQLZe,,2023-08-28T10:19:24
217,burnettkaylee@example.net,$2b$12$HHt65jKBNkfhxrwHYxWFNeJX0ZPspAfWH/P10IF449r5mSo6kNp6e,,2023-08-28T10:50:17
218,janicewatson@example.net,$2b$12$IbVsPOXJ2P3nRTOQk19/f.5rbL0uFKC2jX927erIOnmKK5fvBKMFW,,2023-08-28T11:52:28
219,tylergutierrez@example.net,$2b$12$Kd68UZ5jKcNuzqfEJPChNua0l6VsSbgiSsrANq1CjfBgClsbo3QHK,,2023-08-28T13:08:46
220,jenna02@example.org,$2b$12$oDNbU3LpuT/H2Cl.2/SiT.Vik6eRy9I4vFdHxBWTGKLgSY7NiYpJe,,2023-08-28T13:19:37
221,ireed@example.net,$2b$12$jNSo4HA.sylDJ7uvudsGeu84rxLSTI.jkpkeyJB0o8dTTkOcgVCSu,,2023-08-28T13:28:04
222,jessica29@example.net,$2b$12$6IWT93Azu5oE11BfXoEFruudAjMkjiKQY79i/tqmV5stIsAlNnnH6,,2023-08-28T15:24:33
223,jesse53@example.org,$2b$12$cHHXC.EpU6PQ4VS4jDWjpeaPkIfDctTVvqBKszSal/qFESvndT7ba,,2023-08-28T20:24:11
224,qjames@example.org,$2b$12$s3lEAshgrbAPNGGkpmsljuJl6QhNVthkPFHAFUBrGZq5vO6.KhW4e,,2023-08-28T21:42:07
225,nicholaswilson@example.com,$2b$12$m/dwVLHNKvBnoX48C1AHW.66GVeNX.Ar.O4LmTdnP9P5UdIqz.FF2,,2023-08-28T23:46:17
226,woodrussell@example.net,$2b$12$aTgBAsKSCXbGNiW3jjzOcugl1nc60HdyJSibTzuVOOMZ2Nxeu8oC6,,2023-08-29T01:31:30
227,uli@example.net,$2b$12$F0mKFQ.q75kheonmhV0GaOtszXtVL4S9PP/V50TxGISS./qDJrnKy,,2023-08-29T03:54:39
228,ocain@example.org,$2b$12$fpwIoKBkE6MdFnZ92tV0VeC9/VwHlSkDeH68dj1zr/.aFGnjzyIke,,2023-08-29T06:02:44
229,ronalddaniels@example.org,$2b$12$I5DrwUDB6XCDk1Ki8XFrJOLnpeEZPRuUizm7lNY9mc./h0q.8CvJy,,2023-08-29T08:09:30
230,trevor29@example.org,$2b$12$eQeFoBoa0rwJja4OfQGZbeJD7Y4WXbJFYs9CNfgfodG0LS.aTzdoS,,2023-08-29T09:35:12
231,afarmer@example.net,$2b$12$YCM8JK7zgTF5BEOaGagEMONZKVc7havNHj2kw858BirIauKdQlLdq,,2023-08-29T12:26:35
232,mclaughlinkelly@example.net,$2b$12$WMcUZwSLI/rli.mCDHVXjeFvk/FKDFVnwG2yRgNqgFW1ERU3H48Oq,,2023-08-29T12:31:57
233,lisacarrillo@example.net,$2b$12$kORKGoOwB3PAJTHnf14t9uiYnxDWyHGLZtY..lq8VTKWaWCJ5t6wa,,2023-08-29T15:25:08
234,robertsjason@example.com,$2b$12$MbC8qXmYKkXPQqJKXkuNhe9gctfdEnCPS/DOhF3GZF1gA0HzPjSK.,,2023-08-29T18:12:37
235,smarshall@example.org,$2b$12$s8OMfu6XxlxV2uqSJE9Mu.OfyxQBzrvGvam5f6dbQeGDxXkRrTW5u,,2023-08-29T20:12:07
236,bryan38@example.org,$2b$12$4pV3dit3e3Acf2b8EWVf/u6f6RrivsSkj4nUnoDner9X6PwKjbEiG,,2023-08-29T23:19:32
237,huntmichael@example.net,$2b$12$5Wza6mLBjnoL8zsgvc37GuxRBddp36034OPGtywqqxSK8t6akEj0K,,2023-08-30T00:58:03
238,ngomez@example.org,$2b$12$/DO.LATWgtrhZEDKuOkoDOJBu4.vl41M8ewpa2SEwwMVBc9cWwFtK,,2023-08-30T01:35:40
239,therrera@example.org,$2b$12$LbGv2h30DTWvnkM0qy2Osuvcb1Xtbgmpms1hdUvf8XVwwSqVAwF56,,2023-08-30T03:31:46
240,gabriel00@example.net,$2b$12$t8tcZAsIxTzSX5IlPdBoeeXR6S27NmmnHKTme4MAeSrUVKl5SI1Re,,2023-08-30T03:36:36
241,sherry52@example.net,$2b$12$Fx0V7xPR5qKVtwAE96VHGOjdj0qCbPPqNav72/aO2WbFmMHSVXH5.,,2023-08-30T04:26:57
242,howardkayla@example.org,$2b$12$QUGjUsehtR5rqFmkCeRcJecw.JGI1RVzahTzQJVHhZN0TzbwTuCQa,,2023-08-30T07:17:50
243,wattsrussell@example.net,$2b$12$KmYIZJlvrLzzjPmYBzIIo.4JQ919JP7A35ylTE7h5nS5F05D6T1cK,,2023-08-30T08:46:08
244,mcoffey@example.net,$2b$12$KLHRMON3zso1wTms3GaYAO6UQAbYg.A5IeWCsSoMr2UPgz8QHrNs6,,2023-08-30T09:14:33
245,jessicamartinez@example.net,$2b$12$.aZDTj9lmDoPacT0h41yk.0Q5orST9jSkY9aZmEC1XApVLADlxlxq,,2023-08-30T10:44:18
246,shawnkelly@example.net,$2b$12$QJHAsbYcs6le.E0XwnlnaO/SS3x0PFeehgaVIX2CPuOmyYd/YTgFC,,2023-08-30T12:03:18
247,garciachristopher@example.net,$2b$12$3ifhwNG2oNjasizLcUsqIuSMicXVZ9j2qJDmfS/HnbNEuDHeFQzEq,,2023-08-30T12:18:24
248,pcampbell@example.org,$2b$12$AQvR6RIPhaew2qtcTrqpaOEparPhd89qPqkbY1pEooic3ieU9r0f6,,2023-08-30T12:18:57
249,sandyschmidt@example.org,$2b$12$nH8XglmNLNqXk1j0MfWlh.3bh86r4FmnLd.DrY9NNLwbVoev5zfeO,,2023-08-30T13:03:27
250,andrewmann@example.net,$2b$12$huWafWph9WVt4TRwQM3D9O28KEloA/FG61H/lZ38Eqd40u18727rq,,2023-08-30T13:25:24
251,mistygreen@example.net,$2b$12$Y7JA0Wvrt7Ap3ZVBQ61oq.p2iOOyMZ8fMBFiGWoQK4yGyoDALk/QK,,2023-08-30T16:19:17
252,hwhitehead@example.org,$2b$12$2jKad2.5Nnm0w8VqYuwzqOMPQ1RKPkXZCQ5uz98jrn.xG3afFehUm,,2023-08-30T19:36:43
253,diazjoy@example.org,$2b$12$Gy32zvACwtGEd2cn4p.Gb.XWOaXfs4QDCj6kVsWUOaYDHYV3ZRdq6,,2023-08-30T21:20:14
254,spencerjuan@example.net,$2b$12$iXCr3qxBUF5Lj1XJfKy.BO4piGLjnIlyIQa4IaMflwcm/fYlc6WWy,,2023-08-31T02:33:53
255,hannahdavis@example.org,$2b$12$Jl.Jw7W6jiiqHMy9iXdgueQ/q23drylmd0dn0LoQq/IlaQ55LsNlq,,2023-08-31T04:49:07
256,courtney55@example.org,$2b$12$IoOWdwsp4OIRL0T2hz7gw.YPmCJnwYgWlwrvxUZYNkhCTyVF5MvLW,,2023-08-31T05:25:51
257,jermaine58@example.net,$2b$12$Lbh51H7QRkR7f4kDk0xIVuwFvKprZ/b1mlY1rqVk4qJSLj0DO7EjK,,2023-08-31T05:59:16
258,imartinez@example.org,$2b$12$sBzO2Y/5aFAqXoaCbziMkOVxYfbVhFJZBD.jtWmw/gAFg7TVzPMvq,,2023-08-31T08:11:29
259,margaretmartinez@example.net,$2b$12$h/VV.uefLQGeV7owk89Cru9vk5shP4cxvBPl1eVDVzQzcnS6mgizi,,2023-08-31T10:16:05
260,anthonyglover@example.com,$2b$12$7tcuIm5XZKHLuCnNJt2G/.yAjRUevOevgD0H6I2dI30VhelQsq0mi,,2023-08-31T12:20:50
261,shaneoconnell@example.net,$2b$12$LGEqcHorPKEtajqs6uVX4eTGEUXJIEL23heLAAGRPJDWw6j82mQjq,,2023-08-31T16:23:08
262,williamschelsea@example.com,$2b$12$1jTF3ZzhpqbvNq0fU3UI/.fhL9pTz4gfWlRLPe15182CrtsfYzGM2,,2023-08-31T17:49:15
263,kholmes@example.com,$2b$12$Ej/L2PR0k62VSH9bMdEbZuNKuiQW9m3wHkVF2GGLQuFNiDBx8Xv2O,,2023-08-31T18:08:28
264,carolnixon@example.com,$2b$12$M93J6.qWmEgaoEx9O.att.C5dgflSLUl/2qQ.lUyxbKgs3WaLsTk.,,2023-08-31T18:16:27
265,sharvey@example.org,$2b$12$HlWCnQnajw/v166pzfItfen9ObzbanNbzAbIgfaxkK4apyAUqplLW,,2023-08-31T19:37:23
266,hansondeborah@example.org,$2b$12$HbVcUFg3YwruoGxIa485W.Bq68fEs7aSj2eZIISXepkKHKemfp/nq,,2023-08-31T19:39:37
267,oruiz@example.org,$2b$12$XclKF6huzUssuz.Cn95GLOVMSzBPDOdT3/OH7iiLDSMOp9U.s1Aw.,,2023-09-01T05:39:52
268,johnsonjonathan@example.net,$2b$12$1PN/LybcURhlBrQpascbsOLCnuxE9xbtGVokc3nkUKzgHO.lvh5S2,,2023-09-01T10:39:37
269,sullivanronald@example.org,$2b$12$pao6XrD8RkR.458HW1nKCOyNG5uXM9OGyfOVaxZ2EkW3lJvkNyBcq,,2023-09-01T12:21:08
270,jeffrey59@example.com,$2b$12$c01zU5rJ9hcg76aYMFA7p.lyGsTWOABFkD7EdOiL4gUB3iL8n6.LC,,2023-09-01T12:43:07
271,iwells@example.org,$2b$12$h5lkvtG4hoM5K6U3FwOHVu9FRv0Zbb0VjxOGKvRlIo0Kj9MAy8r6W,,2023-09-01T15:08:16
272,ucooper@example.org,$2b$12$rZRcep9cgTsNRKrk0TAG2OFi4v3DrwcJbYeENdJcb2vxQUg0l13Ka,,2023-09-01T15:35:54
273,thomasvincent@example.com,$2b$12$dSc.TQcJpwOtlUefaa9yce2xu.v8vp1dQgMESt9qD9B/SdDTIK/PG,,2023-09-01T19:39:43
274,zacharywatson@example.com,$2b$12$69tLeAeY30UnvNeefK1fFO7g0ainlgSz7c/fjT5unaa0l3KA2w28G,,2023-09-01T22:36:41
275,timothy50@example.net,$2b$12$Htk9vWpcuSNBVCDa1INVsersTlCAn/6ZeYdd01X8zsTgM7MIybkk2,,2023-09-02T00:10:02
276,conradsarah@example.net,$2b$12$LQucQFuTGQAi8Xkhzzrlzez4DYHTPG5769sSZ0itwxEaJbHcCemVy,,2023-09-02T01:03:51
277,ellengray@example.net,$2b$12$3PVXVkIR9yA9VesS9TV1a.yWc8K0udG5A3JlrnGy1M2hVNkjW3v92,,2023-09-02T05:28:02
278,jacobferguson@example.net,$2b$12$P2om2MFx3UH7yTpqXfL1N.SKkJAh4ilAExOGsBvxbwiw8OARsEerS,,2023-09-02T07:22:21
279,montesjohn@example.com,$2b$12$0yhzPJ1RL3mXh.MmA0f4zOqhxFT/CtdgA7asrsCsRBeXtnXc.bqTK,,2023-09-02T09:13:26
280,kristin09@example.org,$2b$12$iZOags8smzycThUiSHEyu.so51oU4dIyG6rv1jtR6jnESGhkkIa6m,,2023-09-02T10:40:49
281,nbates@example.com,$2b$12$o3Myo3Nx7IkbOcJgMTp73OXsc/I3FI5a.DBQwmHiyAT485KxuMXFi,,2023-09-02T13:04:24
282,ustevens@example.net,$2b$12$.kMWwZR5Sm0xzhq8CFBBwed/kZ0EnFIogM1HvrNHYBSmHXi1KEBG.,,2023-09-02T15:23:11
283,abanks@example.org,$2b$12$C5xYtPfejkjdLnZnHG8C4u5VgtML4yuJWLzIYkn0QfDs6gzJIZ9qe,,2023-09-02T16:01:57
284,marshallcarolyn@example.org,$2b$12$Z6DCgVYldFoLfODzkMOZNOk5ttSv9dRB.DaqU5X/0GRYWIjvXOqJK,,2023-09-02T19:26:05
285,meyersvincent@example.com,$2b$12$9S364kWDj3QCh7FDAuzS0eFDuxp3kxy1h9hLDk6VaWjy4gsxJAOYO,,2023-09-02T19:57:10
286,msolomon@example.net,$2b$12$2HE0qctxOWA.ZpWv/ylJEuG7a63z03DouhqdntqtAIVHeA2H7zIMG,,2023-09-02T23:02:54
287,michele92@example.org,$2b$12$RMh6dNf9v38rCMMz2RnwfuWH71QU/2vZmbUHT1dgmwNM7Iv/85RXa,,2023-09-02T23:33:19
288,hallamber@example.net,$2b$12$TznSMOco0NQkX6JskRkC8uMowZ695MoHbMOWjzd8OuLK0RtW7NiKu,,2023-09-02T23:49:06
289,xschmidt@example.com,$2b$12$vscZAUF24nmWJ9DI19s86.xG99FXeaLXG8yxyml4gD5YFalLwtRJe,,2023-09-03T00:53:45
290,gary13@example.org,$2b$12$hj7hEtLQzBWcAKfC/l6pHeTRaJAQJQenjT4k/TNVqO3Zr8xw0v0S6,,2023-09-03T07:18:57
291,ucarter@example.net,$2b$12$.rmlqp1PzfTYNsd2ZnPF3.eOyJA8R1NkZN4KVtWgIZk6q03YmNqFS,,2023-09-03T10:57:38
292,brownjoanne@example.com,$2b$12$Qi08BWZ818G6kIdi6PqE8eG4t9WYBw5kHF/QNPJu9QTdo.XJ5deNu,,2023-09-03T14:25:26
293,holly74@example.org,$2b$12$rBzm5WmJtshXGwC7v/PGpOfx3gZKPJv41jUE0ld3OcNptsbwkvQj2,,2023-09-03T14:38:23
294,pstokes@example.com,$2b$12$dTo4CqRW23TTkuwDLs2Yx.lgsGq4XUQsX2lOJAjZmoPunD8k3mlVu,,2023-09-03T17:25:59
295,randy22@example.net,$2b$12$tdcxrXmopMePVBqj8a5b5uN8w.5U0hXBIJHgm8TkqxV9.MWo89iOe,,2023-09-03T18:52:55
296,garzajames@example.net,$2b$12$QFftLKTdogk6mu5h1fdb5uxZ3aRekU/qpwnJyj.F5VWYFljv31aTS,,2023-09-03T19:31:00
297,leejoseph@example.org,$2b$12$IfzkKzFWWNlYxVat4IkZpO0rHwzc0gA.z2qKj/Cg5GdomYlPOVT.6,,2023-09-03T20:11:57
298,rojasjanice@example.org,$2b$12$yDXO.OrtXAhNkVo2Wrs6XOBfBw0vNC7mZYvSxtrharCNfkrFgszjC,,2023-09-03T20:50:39
299,gardnermichael@example.com,$2b$12$gTrQq8iWnEFk53k4zSW.qOJa8QfM1PflM2ZpTxki0iMhrG3ydP3ji,,2023-09-03T22:07:02
300,jasmine49@example.com,$2b$12$93qyOEgie1.KNNBk6HReTOi82nZRLS6OrIV8/YkUjCFoCW9fCy65G,,2023-09-03T22:45:15
301,roberthart@example.org,$2b$12$DeWzr89cRqHXVkshwe4fKOtptJoH0OzQY.lZNqzXLFDMnOCxFRIR6,,2023-09-03T22:49:20
302,ostevenson@example.com,$2b$12$z4qQdQXg2TDuRCtxWXWfaOfeJwG6yO3VinptiGvf5J2.XKbGaGxJq,,2023-09-03T23:08:41
303,wtaylor@example.org,$2b$12$2ATTeiKEr5RyZx9EQ.83vuZ/NAz3T.k9NIWwRoVyV/Eg1eAhq.032,,2023-09-04T00:17:52
304,bdelgado@example.net,$2b$12$8fXo/a8HHFXDOqTok7qx5ecsRxuatluJOWSJFr.IUN0DvS.f5YjlS,,2023-09-04T01:49:37
305,barryphilip@example.com,$2b$12$sg0XMGZq96xXeqAvuWAxt.KvyJKf7ohidGWCICfNikg5zfeLJ7Zou,,2023-09-04T03:12:26
306,davidsmith@example.org,$2b$12$l.9pkISSD4BKKCnySm/LHufnBdM4CrVi/ZhIzDOcWmICyCxr60wZy,,2023-09-04T04:14:23
307,smithkimberly@example.net,$2b$12$vgeYnIVk8unPCxRRfLPQWe6UppA3xPz31FVaPOStF7UFY1p9if4/a,,2023-09-04T07:28:36
308,kwilson@example.org,$2b$12$0oI8fQommW6WZllIDhwo2OahUKi74j8qgPhvNckUFkx/AaG9YpjFm,,2023-09-04T09:44:20
309,jamesjames@example.com,$2b$12$PT21DhfPBeXW2TQlBgDyJO2Sej1lNDif6XCsIKehlJXCdo1aiqpre,,2023-09-04T10:03:16
310,danielmoore@example.org,$2b$12$jizM6pD3Y/iHhXWlZtneZOzu4UpMo3COgvSkkfeolEea0caoshTfy,,2023-09-04T12:05:45
311,alvinjuarez@example.org,$2b$12$VLRESxJAwoelqm0n7.NrFut0M/H8D5PDtN.oLNWzq4ZZg4m0sKK4G,,2023-09-04T12:17:33
312,ncollins@example.com,$2b$12$HuIw8YDopVnS8OXxVxKfuefprMOZDVgxHpWlxFSL6H44nmHPd9esW,,2023-09-04T15:38:48
313,collinscatherine@example.org,$2b$12$uKLdqYz40zT1E/7hUCW6Xez.WJD0fpHKKvEVeY3UmzoNtZu5GjNji,,2023-09-04T16:07:11
314,doristucker@example.net,$2b$12$a10W.NU1vG1d4TXc.v.wlOL6nsF5J947Y1Y/rliMBri1SGvbxhqFu,,2023-09-04T16:25:15
315,aaron14@example.com,$2b$12$gs2m5RJYN8cV/Dd1OLe/g.AzvzRBakwz8qb0klTgg0Ghjr5IjM.Ra,,2023-09-04T16:26:55
316,trevinoashley@example.net,$2b$12$J2aEY1yaRSxdabcU8GbPVuYZ.MMCGDox.uTfYuOtgGa4S8W67CO/G,,2023-09-04T17:28:30
317,luisferguson@example.com,$2b$12$zhedh/h/y2XGpm8XzwA6J.IAHF0ls7FQs7ka66URZFsgNqmJMLvCa,,2023-09-04T18:24:09
318,danielle95@example.org,$2b$12$DFK7U/Nd4Syu1ZoamsKig.3RFNDZVefOK8Dl/oie4kyW.H2H6p/Cq,,2023-09-04T20:48:28
319,landerson@example.org,$2b$12$hKLuzSoS/rpUlk2DykkjeOyWUCtabs9wYjc02IubyAILl9riID8oi,,2023-09-04T21:45:03
320,holmesamber@example.com,$2b$12$bzS1xpPRM6eMU4IBMkB0puQzDCywqi1k4SYoe5j6Aj3JFaJO9VDrG,,2023-09-04T21:47:59
321,richard99@example.org,$2b$12$ZvuUSOUJLTvlZPv6XWnsKO.kkU6cDqADMVr5OubZbqVXPvBZGTp66,,2023-09-05T06:31:37
322,fisheramanda@example.org,$2b$12$Nl0K/RK9ohsHjzWCWNVC3u9gt5eBYB3O6PtR75DURSPhiHsCq0M/.,,2023-09-05T06:55:12
323,skerr@example.net,$2b$12$HTL8JAa.DieyXJ068LABCeJUYlER5Ok7eWKlh1ANVJCMjt9fRC19O,,2023-09-05T07:04:19
324,cooleyaudrey@example.com,$2b$12$OI4v2z6l3MOn2xA5GX4iOedXQJdix.En3KwNItuMtU.0QnQD5hwAy,,2023-09-05T10:23:02
325,johnny00@example.com,$2b$12$EH6N5hF0ytjSPzTnH8vEFewciTmKZ5USupnnWvaU75Hw5.8gTtu/y,,2023-09-05T11:03:35
326,kylemartin@example.net,$2b$12$u0SEvxAbrnPuZV0u0ppYoOY7cq0b8mniINJJJRdYVvW/i64JcJ.ii,,2023-09-05T12:23:15
327,mikekelly@example.net,$2b$12$Qmy7oT9cEqFwEoV4vBv1R.bXZTospyBMvLVdEY.h90tWcFdAbo9yi,,2023-09-05T13:46:56
328,louisscott@example.org,$2b$12$d1G/o3gMpYTvNXRXl7A2EO.oAZEwiSx7DS8cPORVgMI8sH626iP1.,,2023-09-05T14:00:07
329,shawn58@example.org,$2b$12$r9ukqOld4SfR51P2r30hYuftKjYlKyq0LoqjvxACWYuw9QYYiEWt6,,2023-09-05T17:48:42
330,martin73@example.com,$2b$12$2Uv3fwIC7vvVDIGygxnvxOFeea2mqjvsjAy0WDG5QtGX5uUD2HvDe,,2023-09-05T19:55:13
331,carolharris@example.net,$2b$12$JMfz4pQ5he6iNjyRNXOrXOQoyWdX.J6U6o9hHFU.HneXaEjPMWgj6,,2023-09-05T20:06:39
332,ihoward@example.com,$2b$12$a0NA0KEsz56Jm3mB1L3mbeVX2ySK7R5x/VWV14ZVNtyrpneI4YmkG,,2023-09-05T20:33:21
333,cindy99@example.com,$2b$12$kXFdx5fbrVBGc4ODL6IEPOYhIXPwjJQNiax2rRKmQsOEbbNYiN3ga,,2023-09-05T21:19:48
334,marie76@example.net,$2b$12$TFGG7wTqy8whREqqiahSxuScgLqOLJLgvE1cIuid71hSFvBO2UN1e,,2023-09-05T22:51:01
335,elijahlawrence@example.org,$2b$12$KrkjHVvPUp4sB86/HlqAf.knlx8b2qpOZL5k5HYx2ejdY2kNAKfz2,,2023-09-05T23:34:41
336,vazquezdouglas@example.net,$2b$12$oz5Y67xl37xeeFGEleWDQeD6E8veutOnq5HoDUIJ5wY/Nl7MYUPhO,,2023-09-05T23:39:06
337,mcintoshvalerie@example.com,$2b$12$mycdbPEY9iZvig4n1IN5Xe47lpYNOexuONv1OUe0.N/n6xCi47AMy,,2023-09-06T03:56:35
338,thomasmontoya@example.com,$2b$12$.PcpPGesD2mSPEkY6fQxL.ySksgdZRMEJzHxd7AgnF4k5qpuMypjK,,2023-09-06T07:23:10
339,keithsmith@example.com,$2b$12$5cx3Z6g.x.zzM6GroIqhM.1.pTqeb/nyoYn8VzMK4XNRZa2WI6NuW,,2023-09-06T07:48:04
340,taylortiffany@example.com,$2b$12$pTCkT2MQF.R924SkWwptxOripBb/pnRBc5AuqCWD5GLGe9fyOE4ka,,2023-09-06T10:25:17
341,emily52@example.com,$2b$12$ieKDV4Lka4DS/9MSpNNHs.WlbxDA9WG81AVgJnFMTGd2R8Zsc1pii,,2023-09-06T11:08:53
342,johnsonfrank@example.com,$2b$12$qr6nkPR1ABLp2Ztcxyl1Me16u/4zWvwnKXJkjSox.tWd1H9GEVwMG,,2023-09-06T11:16:49
343,rowlandsteven@example.net,$2b$12$VsHBe.dStucviY.h9KmUk.Hmdr2fb3857RCf/uk9fu5ekR8KFKlK6,,2023-09-06T11:18:05
344,john38@example.com,$2b$12$rSSMHA2QCK21H6DWuNHT8eHa7QPStbeGfB52rFVf7FXub8rT/tsLi,,2023-09-06T12:23:14
345,jamiethompson@example.com,$2b$12$sQW5rax2erpoiaSNcWNpBud.669DUxH1ZiSb2VRMuQ1OHIIEjl1Ny,,2023-09-06T18:07:04
346,xelliott@example.net,$2b$12$ZhJuSkS/aOeyXftHZmTXaulACXruDLMGxUUXB4JdC4YJTe8yztg3S,,2023-09-07T03:32:29
347,danielmccarthy@example.org,$2b$12$QfDJadKd59/EZgYs2O91B.QlxB54uU62xj1nLIm1OGHcpQ8sohWKu,,2023-09-07T04:21:42
348,lucas54@example.org,$2b$12$KFC5AQ0rVLgR8S3UUZVJUu2FVt95SoC6Qq5JNKTD2OfEaxB6m8ZXS,,2023-09-07T04:29:00
349,noahsmith@example.com,$2b$12$d39HJLOEUHrR4R8NcEAC7.tV00RPQL0S1/vL7Esq/roXZqTh8duhu,,2023-09-07T05:19:10
350,odonnelldustin@example.com,$2b$12$Z5pJSZg.bj5vlIHCnB6IC.OCF5IkewPKE1.Rer/JWzzVz1kBDv1ru,,2023-09-07T05:24:26
351,tduke@example.org,$2b$12$ZroHX7eX7xeEkbFLh7ctqelSjuC37LyQ3/zHV/tVJ10FFY.lo8hKi,,2023-09-07T05:40:05
352,wesleytapia@example.net,$2b$12$vrqs9S77MTIedVduYXVFlu9vEy4CellCGQ.nlt17xijWs1ptSIFYC,,2023-09-07T05:43:21
353,pagejason@example.net,$2b$12$HceAKNPV4thySmTTBVS7gehHerjNM16y8nFHkMNfkwZyZ2.YrVX.m,,2023-09-07T09:11:53
354,tylergreene@example.com,$2b$12$Nu/OCItR8U.IY3X3Fx7YF.o3ejKrn06jtuzPEtfmZxrRW8GAUO.nG,,2023-09-07T09:19:43
355,wardkristina@example.org,$2b$12$Go6vXfO.GtsSxoYI0JF8ee8DBM43J2oBGHfJOnQDBX0qiw35lbEMa,,2023-09-07T09:28:24
356,tpena@example.com,$2b$12$hCeMaZWKX8Z./QAa1WYN3usaLRq/suufDOOoF8oe6i.V1UfL1csT.,,2023-09-07T09:34:22
357,goodmanchristine@example.net,$2b$12$v0Ls60bFdkOysPf7L94pUuh2jnVh5DCjCx2a9tkC7Ko2Wh8rbDRYq,,2023-09-07T10:20:11
358,walshanthony@example.com,$2b$12$OhJ9vDhskPXmEYiksZsn5O5HP/j0Wm3iVpxq69ME0jR5bgVcfbv9u,,2023-09-07T11:48:26
359,norrismolly@example.net,$2b$12$hHBq7OX27UW49vU5oMgHa.mCmdxiu5IeIAa4fVTylLqnBFdNEOizS,,2023-09-07T17:19:03
360,nscott@example.org,$2b$12$teNSZpflcVaftsQI0/bozuRtee0lR78FLgmh/rKBZtNMLmHuKYMY6,,2023-09-07T21:28:19
361,amy45@example.net,$2b$12$Z8WcGXCsiLITFEWWq.9czufKS70BGFyFC1rVbwzpWeDORImfXxev2,,2023-09-07T22:59:19
362,tlarson@example.org,$2b$12$DjwUSoKdO7dPWVgdLjGuFehy7C9C51PGqlahCvh9Z1/gXL7j7NztK,,2023-09-07T23:54:55
363,kaitlyn46@example.org,$2b$12$8PrJB094cGYIG3bPUq18.uCBAGCKf5uDWyXPVSDlHhBt/NJr/IYh6,,2023-09-08T00:05:16
364,wburnett@example.org,$2b$12$a4rMKC7VS2VuKyD1ijQItOPZcIcYahDoHdNme80LA7N1qylDGpkH.,,2023-09-08T04:17:34
365,caroline74@example.net,$2b$12$S8K1.IDKa6l00tT9tTKYru5YovoQujU8C8sw4KOWNleqoE45G6foq,,2023-09-08T04:28:18
366,scottcalhoun@example.com,$2b$12$SL2mw4XL.tGmC7ght7z9MOCx8I0ykHIdBF6gIHLjg/KVOw8OAM1tO,,2023-09-08T05:51:15
367,lauriecarroll@example.com,$2b$12$KV8sg6lefJ4GYrYY7ML4EOWB32PqO.KW8rgapqaxGDCUGYoGS2Nde,,2023-09-08T08:58:16
368,jessenelson@example.org,$2b$12$2AAdG0gXxJCZa3vyIxTAkuBNpwyI4QvAIZr/mQdCFkIUunFRBArse,,2023-09-08T10:48:16
369,seanburke@example.org,$2b$12$YEimAHO/sbIXsdj67mjJS.6hnzsEr9pEhM.ugTZ26Y6BE3B6Y3iI2,,2023-09-08T12:05:52
370,grace36@example.org,$2b$12$IFFxgDoAuBFDwONuehGIqOyUBrrgnIXHzQouFS3n4Np9CNvmLmBbO,,2023-09-08T14:58:10
371,qkennedy@example.com,$2b$12$fDB5b.1G7JDbGzZZFHC5Z.1EGz7bCqKjtZPxGWMXh3uK/lQqsjgaC,,2023-09-08T21:38:22
372,martinrose@example.com,$2b$12$zQ4MWslxbfIAyQwSQxUube0zfIKuoP3uWYxSVq/2ud8e9x2f3asbW,,2023-09-08T21:55:00
373,vperez@example.org,$2b$12$l9PIklS0lldJ7s0CtGMx0.p2s3JfFxXJgFnbbIEIDHK8yuV6oCSPy,,2023-09-08T22:46:53
374,gbarr@example.com,$2b$12$gzGnBU4B5vApf4rr27Ks0O6jjD3Qzx3HE8uEXWzN7iP8G5K4XoDKi,,2023-09-09T03:32:12
375,johnsonsteven@example.net,$2b$12$86PV1ZICAWlwH4YygVn/POWXzregkckd.BMtJ4kLmRjxX7I6NHrCm,,2023-09-09T12:49:08
376,upineda@example.com,$2b$12$GFof5LpyRegn0SU0uAblveKNasXxsQb3FlnqAoBsms92QdsPCQ1vu,,2023-09-09T18:41:19
377,pachecokayla@example.net,$2b$12$o9zkzN/4v3UB9AYL.WunaeXk4AO1aukxMxxHjKKOMLtf6TKYp4VFW,,2023-09-10T01:11:52
378,catherine97@example.com,$2b$12$j629VDeGxVeMTv5eqQaJz.EubPXkYucgtN4.ZZPm0N.tvIpUi8Vde,,2023-09-10T03:52:07
379,sherrylam@example.net,$2b$12$CQeR6xB41KiqrgWpVesNsOz2TTlOp9OMd37/W0A8kIsp7yIiRSf2S,,2023-09-10T11:12:21
380,charles30@example.com,$2b$12$Kdv6Win4gQfXcC2HOfbKEu8WeNHawBkvTrKROenrsmikDNjwlqrs.,,2023-09-10T14:12:08
381,lisajones@example.org,$2b$12$Frp9Rx/UUkyP55OXdPyow.ILgaHj3xNQI80qSq1aqqjRJYZLOjzzq,,2023-09-10T15:34:25
382,krista74@example.org,$2b$12$5yZXHdQxVYVCdHWs.GuTt.KeAO4Khd6ewI7/p2R7XEr6z7AXtMU1m,,2023-09-10T20:21:05
383,vmartin@example.com,$2b$12$tG1BBonTDQDgt2U4mi/moeIXcMVQx5ZJfAyr8y0bAnOj2dxqBZRLi,,2023-09-10T22:18:49
384,bfarmer@example.net,$2b$12$8XnLQ/ySfxFO8.U3YlT.S.NoPwqo0WZmPDE/qArj.LL8HW.6cAMPS,,2023-09-11T00:06:26
385,terriforbes@example.org,$2b$12$IruRzc/3aFqocyE/8BZm5uKpHzPAZR/r3WeAxulK.sjjuAua23kau,,2023-09-11T00:35:13
386,simpsontammy@example.com,$2b$12$iW0GQEQOK/7hpJlNgG/v4u94vFJOGeiPPU0GsP04U8rlXWMkFwyD.,,2023-09-11T05:54:57
387,rstewart@example.org,$2b$12$bilj8dS8p3rI.glbQTeDGuufsG4CYcX6sJRxAweHPtTWE020B5Yvm,,2023-09-11T05:55:14
388,misty81@example.org,$2b$12$RMryuVHfqlsVIncQNZ8GEOyNYrTF8xlvh1j8opr6UKQqlL6NEPvZe,,2023-09-11T08:51:26
389,nthomas@example.net,$2b$12$TeG2x2YI2oWMsgbgkXqCBOXfSi0tpvrIbiYblXSXw9n8NamzSdqPq,,2023-09-11T09:03:40
390,matthewmurphy@example.net,$2b$12$iKdTWvfasiGbcVN3wXAa/.lrqeKf/lLmVVMdAJgurm2AjlKTE8Jhe,,2023-09-11T11:31:29
391,margaret30@example.net,$2b$12$.u/9eQF/IzfFNM3Nulf4qeJ7/.MvcGaFISimOdV1CK230rJ0scOPm,,2023-09-11T12:55:56
392,daniel44@example.org,$2b$12$kW4jzxT4MwGrb./meol7HusHwSg2uggPOA3tKUxvKpnTIo3hadaHa,,2023-09-11T13:00:49
393,qkelley@example.net,$2b$12$fxpUMLMzLwW2u0A61dHK/uZICmghcGb08esnK/oRdCMkAgiItVqCG,,2023-09-11T13:35:01
394,sierrajohnson@example.org,$2b$12$8tdgt/VUm8rQ1rA68czxFOzIslf7o7tzBmNjCsMAJdQOfzK4dXqSC,,2023-09-11T13:38:08
395,smithmatthew@example.net,$2b$12$F/CNzSQQ6HInysqFw0TyiuV/.mHEcmbOTgFws2YMl0bkQPFLnt6ra,,2023-09-11T13:39:13
396,charlesbauer@example.com,$2b$12$h4NqhmJf/czMT6nNPeXwMeVzylZKMg4lPPrWWGHCtrWMMylZ9r1uW,,2023-09-11T14:14:14
397,nolanjustin@example.org,$2b$12$cqPWkDz.qzIN5KtSAbMlbuT1lPqxBsVpuEnPSwr9jpU6PPBbH57vK,,2023-09-11T14:33:04
398,christina47@example.org,$2b$12$Imedj6Hg3TNKGVY9M.iIVuAH8raLs6xWuqVfr/UlYPvHNquf/cjVG,,2023-09-11T15:00:09
399,karenmiller@example.net,$2b$12$9lLII9O2mI6K5LWmXsrGxu3zz2SptepT4/tuYQd08lxIa6U7z0oIS,,2023-09-11T16:23:05
400,michael64@example.org,$2b$12$WCaFP19VooSLf0ShoEU67uy05wFbvK65gGmm7Im3MvgPa7VS32l.m,,2023-09-11T17:05:15
401,chase99@example.net,$2b$12$1oE/utJb4dl2FKomJK6ZDOATmjEcFuxKvQ6W24cL/LZp8b7CAjqtO,,2023-09-11T18:21:34
402,lestermary@example.org,$2b$12$bEPCyV28//mN04DyDow0XOj85.qYZKOOTEGy1MZeVKzHlumUB2PsO,,2023-09-11T18:55:35
403,wukaitlyn@example.net,$2b$12$zUY8OwQMAI6doD25OaRwY.4RdzghqTziLCtrcC8TL6Gbgs2Pzb6H2,,2023-09-11T20:25:08
404,nmurphy@example.org,$2b$12$rQpFQnrBMLuOI3FeP1b7vuJNEpODv1GWr/0QupgCqjG8T2FJYp9Dm,,2023-09-11T20:41:10
405,youngsamuel@example.com,$2b$12$2sJujD/PfFFfQjmuAy4qgODsnBPLDKzy.WQBUGU9WG2i7APy3bJKG,,2023-09-11T21:12:27
406,perezshannon@example.net,$2b$12$CsINcn25D101Cf8pUWsT5ubsJLL1Z5rhohAimdfTmhmITUMoEQjly,,2023-09-11T21:28:03
407,steven16@example.org,$2b$12$kl0IRs48TyQc6qrut5h3g.MuGZ8KGXLpXUBIYwO./SOd88hAtgHfG,,2023-09-11T21:56:41
408,cjenkins@example.org,$2b$12$FRCWl6KUL5.Ub4/ITNPrl.BKNxYs/u8JUiLuwfwdBcyEwfw4lBaJy,,2023-09-11T21:59:20
409,rroberts@example.com,$2b$12$ltgRFutrE9LWzPdtmbUzVurRE6Q0ka3nBle.37w1W5MrMIgqjZvH.,,2023-09-11T22:53:46
410,russellmoore@example.org,$2b$12$zfFShb4q87ydztmm14CtP.AYXvBrHtqmFNqgaxXq.OeW2vgCg4pk6,,2023-09-12T04:34:10
411,billycline@example.com,$2b$12$Yn01bGc9ZNfNQDQvogLJqe/ZlxMXCEx4Yn0mezD1jsgf3.5pihyUS,,2023-09-12T05:43:03
412,seanlewis@example.net,$2b$12$uibqusibToXZB7gP3V6nq.x0.zVJQpIe3GF5k99p80M401yHx9kCm,,2023-09-12T05:52:55
413,travis99@example.org,$2b$12$oyxv65S14Ltfj7GmEMimt.TwCSka4G1fvfOfu4c.fYdFRAQeMopvS,,2023-09-12T07:09:52
414,matthew27@example.com,$2b$12$tz..HtUvyktoiIFyV889EOTGZTLT4Nev6L19/ZyF1npLUYH2jqT9C,,2023-09-12T08:25:42
415,ljones@example.net,$2b$12$A6gaY/ZUc56W37B11M1zVurdpQ67MUcBzyn8wUD9y2DSoM.lFlSJm,,2023-09-12T08:29:20
416,tammybell@example.org,$2b$12$f3/a3bO9kSDmGV/972Zh0uljeUIiM6cCfgCB5saBvpbS5OTNftE66,,2023-09-12T09:19:36
417,zcastillo@example.com,$2b$12$3zpAg8kslsmYfXvKqA7/l.Weja39S8lz6Co4jicbHIg/u6RM3s1u.,,2023-09-12T10:12:02
418,huntmiguel@example.net,$2b$12$pB8x8jZtfpJ7nveqwDhAoeUI.yvDnSmJ5GkSJdNf4X5X5OwBqS5VS,,2023-09-12T10:22:07
419,elizabethallison@example.net,$2b$12$Wzg31RBHrS4e.VqhGhBOCO8i9RGoFnwnCEcc9fbioHnZFHLqOuwUC,,2023-09-12T11:14:50
420,ellismichael@example.net,$2b$12$wSN..6qgo8sx0f7yzoV1geiT1aQtSyKNs5L.7AUr3yvNz//r7S.NG,,2023-09-12T11:32:57
421,larsenfrank@example.net,$2b$12$WD0tcf1zdt8i.lYCGgk8..TIy1P6/26nBdKcAiwnEIcfHEDcNCJEa,,2023-09-12T17:01:33
422,david59@example.org,$2b$12$Toja4hlNAvkYaMOjX0Oeju0SuG8kOwQLg/78z6H5Pr2VZepzziDDW,,2023-09-12T18:22:49
423,fvaldez@example.com,$2b$12$K12QbbuT4OiSeStyl0TS3.zoG5rNN420oj4wFr1JbHLpZjY.1UC26,,2023-09-12T19:01:33
424,rlong@example.org,$2b$12$6C.miYKpoE1EOc712xtKduZ/JoxHejIzzFyNOh0chxCMwQjixfGNa,,2023-09-12T19:26:02
425,christopherrose@example.org,$2b$12$oH8XZvtGUFZT.DGbK1ZlQOAj1eP.1/4BJCzUDM6PX6vH4nqXSzxEy,,2023-09-12T20:11:10
426,smithshannon@example.org,$2b$12$yMiWQflCBgmmRon8gF/ChO6F325sHPA9LKviEmzUKm9xMVDpzNS4a,,2023-09-12T22:30:38
427,haynessteve@example.org,$2b$12$/AJ1E5uOhjIgBTelCaDhMeuK7iWaZP5XixY2t/V1iyxublRx9Rgze,,2023-09-13T02:54:53
428,lwarren@example.net,$2b$12$5MMjz2eq3qaOBN0TeZ9TNOvjtdZUEz7LGUV7bKrK5793q/uCwL3Qq,,2023-09-13T03:16:34
429,olivermichael@example.org,$2b$12$0BS1jI2wH5E1snoH3o1cHu1kKYN8P1WujBIWjxlyfd7kZcC3kBZca,,2023-09-13T03:40:25
430,jacob48@example.net,$2b$12$0tEZ10mqBicOIvUriRZ.6e707WarFfi.krx3bjOb0XHtOoC1XFsd6,,2023-09-13T03:56:31
431,ryanramirez@example.net,$2b$12$iwMIgF1CBJ181mIVqd7NTuyt4y3LOrDfl9yPpL9815ZAU4Y/pNUrO,,2023-09-13T04:30:30
432,nross@example.net,$2b$12$fgj3xZiIQoZrffnbF1yhnuMd5NFLdPjhem4XbrmtCsYoAf0WwFsdC,,2023-09-13T06:50:03
433,reginaldwheeler@example.org,$2b$12$ATcmeT8S.phC3bV9Ymj/aeLfrChPnYy2X8sMGV8l8.RC/hMl/p08C,,2023-09-13T08:15:11
434,stewartthomas@example.net,$2b$12$30FXvtG4zZG..KmW9FSXvuYq0PoqJbp0Z6NxhOsfJjEeqzY5rQGLa,,2023-09-13T09:00:57
435,matthewstevens@example.net,$2b$12$.wBouP8t7boAqQyqetBEDepURqYXS9ZeSpRL1B3rWIQUBDLm4ccMe,,2023-09-13T09:10:43
436,michaelmeyer@example.org,$2b$12$lZTmM/HLEICAMjGoLwvkr.9MClsm4Gi7azX6cKw6GgBuFZqvDgeXC,,2023-09-13T10:13:37
437,hensonalicia@example.org,$2b$12$gINrA3aRfcQcacz0fdOF4e1r3EVp3woOvHM.5xhgcutft5n1j.C9a,,2023-09-13T11:04:20
438,samuel32@example.com,$2b$12$qYMBe/s8bpeb.7Uqp4.YO.xavqTxRlPSsgQm56OOKc9wEw22FGtv6,,2023-09-13T12:19:38
439,holdenmatthew@example.com,$2b$12$nhhpKP2CFYlUjrrdLWAfyeecc7ubgO0gK683Q91BY25vy3ufTty/m,,2023-09-13T13:38:08
440,grobertson@example.com,$2b$12$auJVged9MITUUxwjz1.DYeeFCq3flU690QFfWaTmWrBJ8tr38WEOm,,2023-09-13T15:31:30
441,laurabarker@example.net,$2b$12$36O6HzOBsZHoh60VaK7oJ.8XSa2qpytP2FOnZkwi/Gju75oM9M9yK,,2023-09-13T15:52:58
442,stevenroberts@example.org,$2b$12$9IWUAB8jrVLMq9RDsUpl9u0/sQAt.OpprXg9CxX888SNQI5jhMSoy,,2023-09-13T17:28:14
443,pmorales@example.org,$2b$12$53oak2POEVj/L1vvXuqpKeTA9hCzs..HT6Aco/H2pAt.5PgOdkkbG,,2023-09-13T22:25:33
444,ubender@example.com,$2b$12$SbbHAGTyqwV4G9KxKmiWIeFRhSBc271ThrzODaeUeL.sSkabT90V2,,2023-09-13T23:43:06
445,johnsoncheryl@example.com,$2b$12$K20QTfYdYN/YgV0KO77uCeTRJxow9S9aPrj8uS4wKinBAqgyhZdFC,,2023-09-14T00:50:51
446,kelly28@example.org,$2b$12$v2p0U20n7/kGFDrcfaHB8.aUPvJC4Zy8.LB5GYLBo3M41f/Ywrqi6,,2023-09-14T05:12:59
447,orogers@example.com,$2b$12$MrFD/wJMBavHFfu1mUi62Ow06RDJckXgA/CCoh384WTtZxkwWLbmi,,2023-09-14T05:28:36
448,zgray2@example.com,$2b$12$nnVVThIlfmsH/OYzuCkGnuiNfbmoJJe.fz.ozgOY3tDrp4qUnaM9i,,2023-09-14T05:37:16
449,awallace@example.net,$2b$12$ZpRu3MW6BACJhF332w6HEeLTvi8c5hpI8hW2eu3s3zPJvElLssk/K,,2023-09-14T09:08:39
450,cordovaheather@example.com,$2b$12$9jN2153wHyMtxBJnsKmSDO.ULU8f4/nclVWvDolYw0FU1IgOrGOqC,,2023-09-14T10:22:27
451,novakbruce@example.org,$2b$12$MjSKu7aKuu2t0TTWyJwzgOidKFU4x0mKVD/nkzK17QwFAZwsCQ.uC,,2023-09-14T10:27:31
452,shannonriley@example.org,$2b$12$0eNekeUEktHxTrSADtJ//Oyvxg7exLx8fRmmmOjyrjIdraPqDsK5O,,2023-09-14T11:25:28
453,shawn05@example.com,$2b$12$ZuVLsUz.XKhpclYZbXGIXeIgFmmCNK6oiNHn1pzmuDQa6HzHmk21.,,2023-09-14T12:35:54
454,christina43@example.net,$2b$12$Wa.QtZfGDlaDvS/dr21gSOGsCx/cR7ubJlvhIfjwklURcB2s.3q5m,,2023-09-14T13:18:00
455,gordonjoseph@example.com,$2b$12$/K1tAiz4LFoifvvSy0sqXemal4fAUCx7i9M8IvnTeYZZqGcQsnEEG,,2023-09-14T14:40:05
456,jmiller@example.org,$2b$12$TbKMfNJ3bEJ14YNdpAzqseuLjawMLZ2QQ8RdXg9gzaxxA.LgmTZbi,,2023-09-14T14:59:32
457,michelleflynn@example.org,$2b$12$XzwrajHow/Ugd6SKSV1K9ejhGRX6tCkq59teBdgEJDqfUPcLulweO,,2023-09-14T15:57:01
458,ctucker@example.org,$2b$12$j2jyO8qwQ3M1YJcTwq0zu.ogIcEXqUp7ygFYuSkG1SlOoAGp4rRRa,,2023-09-14T22:14:15
459,alyssahernandez@example.net,$2b$12$XPjWjUMsy7nJB.FJ/qVNR.AJ8GiYADqTWPRu/i8HJSdSWhw3dnP7i,,2023-09-14T22:41:48
460,michaelchristensen@example.org,$2b$12$awhi2GJk4Pe.9Me3VhMk.OG8t1NslWm/gvVTfoj/B113A7ZdkFlXy,,2023-09-14T23:38:26
461,vmoon@example.com,$2b$12$5wGV/XUpnUsXoDGeuUoCT.rwrWknWl6e1XnAAHnMb2L9/E0P79YvS,,2023-09-15T00:13:43
462,valentinezachary@example.org,$2b$12$ErWO9GVuIMLoRH84x5DRaOD44BxOI0JrFEmWD5cRd3xSmJJDMXzpa,,2023-09-15T01:23:37
463,pwest@example.net,$2b$12$CkVpirCK1bpQS8o9pJ0bNezsOKHQ5ZL.yivhJvHXJWvA9NMfW8Chu,,2023-09-15T02:17:07
464,benjamin66@example.com,$2b$12$rflaluCpbyetSGiF7SID2OtOcHyoYV7BS9kBx/Vgh2K/YSdbFI3Pu,,2023-09-15T02:45:57
465,deborah26@example.com,$2b$12$gw5YG0QzxeaYytCR6zi7bupjF1ljJTZu8ZKGqLMHMa9SZ1o.jlNhO,,2023-09-15T02:53:21
466,shelby83@example.org,$2b$12$6qNVoDs6Jvhf.GY.rfQDZu9XPRK98xZQ01XcggF91NvFs4Lbsc.pO,,2023-09-15T04:09:20
467,martinmelissa@example.net,$2b$12$KbPN7oiVTf5Mptv28E1uVOcOdK5W32NgHLMFnTBWYeKiddwwTCa9m,,2023-09-15T04:16:40
468,daniellepeterson@example.org,$2b$12$S/j7PZqqD7U8L5bavvqvy.dxvyD51KClxy489BAZag9xGDhkoS6Ju,,2023-09-15T04:48:36
469,bobbygarcia@example.com,$2b$12$f.NCgS2PA8XHGE2yoWM6Pu8gDSTFSV9lQM7IiXJec3q3jcg.Xzo.C,,2023-09-15T11:04:56
470,patricia81@example.net,$2b$12$Qqy.PH4nhuLpWG0Viz1iqO9ZH8BVzGASaUjwSLwgE2qsP9K3CwhPW,,2023-09-15T14:29:36
471,melissa22@example.net,$2b$12$M30Z709Y4pI6UjNCft54pudst4trsqeD7WR2g6bPx50BakXNfmN9q,,2023-09-15T15:08:10
472,thomasjohn@example.org,$2b$12$zTjJ004JOs1Gw3tWnAjMpusqLKgnIhuT8FFoTKv67cv2N3JT4WAUa,,2023-09-15T23:24:31
473,lucasthornton@example.com,$2b$12$qVD32hE5jNacnwBRkqZ/2e7OntemIHJZMfL/9y88/KKbs7z.a8eKS,,2023-09-16T01:05:49
474,zrangel@example.org,$2b$12$d6QbgFpSY8VNxB4L/RV2CeSTIOGVmE1naUHXNnEdnih6JCvEhSzeG,,2023-09-16T02:52:31
475,roy29@example.net,$2b$12$HVWrpMTnvnx6AKn15Dv0QOqJjlvYJQpPFwflX51nfcctDCYhW4UD6,,2023-09-16T03:33:09
476,jchavez@example.com,$2b$12$KQYngHZi2S5A7weQDf2teOmDcggSgAv6Rh/G3VflPjkc5uyOl46Wa,,2023-09-16T08:30:46
477,joseph04@example.net,$2b$12$Brr7ZTzeqjI4vS5Tsrgkaerk1/qAXywPahcb0yDdodzBW08cboequ,,2023-09-16T09:45:56
478,jennifer21@example.com,$2b$12$TiX53rBneFGDREpcTmhL0eNxWAWfHCMorT6mYt5M2B/bjBs1FSLRq,,2023-09-16T11:36:47
479,bryanlewis@example.org,$2b$12$Qh6Zr9Ek3xKx9yHIg2.feuL6QRjv4vynIWTqn6pvZAJ.t0jhOys/2,,2023-09-16T14:05:01
480,debra70@example.net,$2b$12$LZUJQsGXHMLVtCKN2vxv2u3IJ3CYHYc1nr3Cgyv9vdbLR.nkKTQXq,,2023-09-16T15:06:15
481,ybaker@example.com,$2b$12$eAifzboAx/dK57iXb2rjN.E.VrGrVgTFMJTq78zMBxlXf.fjnOEiq,,2023-09-16T16:18:52
482,vanessamartin@example.com,$2b$12$lwj7Lzkhh57K36flPjDoXuB.AO.3tw2FTNs.OhI1jFm/ykUNb09FC,,2023-09-16T16:57:25
483,jasonjones@example.net,$2b$12$0jXfGZm.OdIqM.oRbCPY6ePwG8N.Rmiqj0e8Wz2hbmH3wsgo3QRWS,,2023-09-16T17:02:56
484,rodgerssharon@example.org,$2b$12$OE1M81qk1rwG9DBwERbDf.yU3eWQXdk92WxhUd9O/iOfN5EgV023G,,2023-09-16T17:30:58
485,jonesgeorge@example.com,$2b$12$H8G0mT8IcNkBJlOaMlaz1eJXiWz3tMf3uFuOhsfuAktZSpSm8VnyK,,2023-09-16T17:44:09
486,lcooper@example.net,$2b$12$oOcR669VWuK/d3ELutxPX.chOlSi66M94hwRo8fInwCPLaGlQHkNa,,2023-09-16T18:41:22
487,aaron67@example.com,$2b$12$xYN7y4JB1yQmBoJlo6grhOCTv0G9lp7vcB5riG5d2fauEBdOFKocS,,2023-09-16T20:02:03
488,kcampbell@example.net,$2b$12$uWE0fCyeRnuCNUXSqidZDO0c/TNnJucx4jHDp9QnpignGgHuVBbcC,,2023-09-16T20:30:38
489,kelseyrobinson@example.org,$2b$12$r.TLVDHIl8YUKwUYPkOEW.VokFGIz7maD0mCzsdEGu3eXBk41Sata,,2023-09-16T21:15:32
490,yphillips@example.net,$2b$12$jalAPT/sdh.bubRzmCZHVOOOor3Xbh6deAjvo8pywQseowADlhbdu,,2023-09-16T21:50:15
491,melindaknight@example.com,$2b$12$c2Iu1cjSpPx9AcGqHOJF6eygGrqRuvKpK9xpyCSIi1SBR7veOsT9a,,2023-09-17T01:51:06
492,benjaminschneider@example.com,$2b$12$jYSww7HzlJQpO52.2pvIeu.dtLOhZJWQUHICVfEezquEWbnneJM62,,2023-09-17T02:24:04
493,stevensmatthew@example.org,$2b$12$6wNUmgd.eEfhlEmRB7qapOjISlqDkC2L61o4N4GzziGLGEnuUPpkC,,2023-09-17T05:06:29
494,shannon86@example.com,$2b$12$5p4TEBMmKN9/k0Qc7pcDf.Vje.o166vsb/6syFIp5J4u9y9FSXEI2,,2023-09-17T05:54:19
495,walshjeanette@example.net,$2b$12$kZ0hIzsFDa8TJPG2mqJriuPaf0CAk27Qu8mkR1Xp9ghy4o0lR1gD2,,2023-09-17T06:38:46
496,adrienne23@example.net,$2b$12$1xmmuVgETWrpmb7KmeeV3u/PGMe3UAeAdZuy8JTmQbQ.F9BwF3aee,,2023-09-17T10:14:47
497,mwatson@example.com,$2b$12$aEkxd7eSw9y3XeZfwau2k.I.ESxl7CAzZ4HnlN15LBYgeXnh2Nca.,,2023-09-17T12:32:43
498,zwebb@example.com,$2b$12$kiihQ.oK1C1kVQqJDuCjSOe2VXBzKEwBF0X0vi.U9ZyBmq27yYChy,,2023-09-17T13:38:51
499,zcrawford@example.org,$2b$12$i5JqZkTyl0f4hT1VBzoWNO4ZhZiVgZp2qfm7NAUglSjp.QCCzX07C,,2023-09-17T14:30:16
500,robertstimothy@example.net,$2b$12$AAoAWCl3IQ6pqSSn71har.Fr3c1T7i8mOgQPP1fPw3YXs/v86mkA.,,2023-09-17T18:41:22
501,fparker@example.com,$2b$12$.zAR7WyfT4mGCxeagTX51O/g760L3jTD.brgSKjzvJKaQhyH.SNZO,,2023-09-17T18:48:25
502,kelly98@example.com,$2b$12$3UlrLqilv1d.iXUZ58ij9uSGf5BpYpgVVIRpSwPaOdIR6HzPUgMTa,,2023-09-17T20:04:22
503,anne86@example.org,$2b$12$4r3H4VecZd4uluvZkEwnOeany/mT1WMYjmXuQ0aDBNx5idbkq7leG,,2023-09-18T00:52:33
504,omedina@example.net,$2b$12$LVDbYsjkSH1SoMeLNuqOmep89ckMa6OZFxVFepdE8dlTSs5ehglQa,,2023-09-18T03:54:05
505,jmartin@example.com,$2b$12$scV11y8IYQ3PBJbnBbSsU.ZLWBpzmMZAECM3Z6EUR2v/CyiVcA.su,,2023-09-18T04:46:41
506,xhernandez@example.net,$2b$12$MsfubA734D0k.1qRCezAdO6tHodEAFLe.1BAh.WczisuV2oe5XUBe,,2023-09-18T05:21:48
507,nortondustin@example.com,$2b$12$CTGjMBKp9rTN0pVCoh2W7ucMXCXhKunTDgFnsht4lIJQ6VO8AwLRy,,2023-09-18T05:39:57
508,cartereric@example.com,$2b$12$/R6om/RQxtvKDg2j7L6BgehZtFftxYDyHqEZJT3qi6BeBAI.SE2pe,,2023-09-18T05:55:22
509,kelleyamanda@example.net,$2b$12$.bAFM1taDcflpWldenAV1.BW5BurNJk2uJ4WWFHZ9mihfGN8kwkwC,,2023-09-18T06:20:35
510,sarahramos@example.net,$2b$12$cOZTOEWOjGl6TEatbQxzu.z4jZ9As4h6daOxeTk/K.VN.Q8plmFmO,,2023-09-18T09:22:23
511,melanie10@example.net,$2b$12$SgiY3bHhXDxKfzoc1JXpT.uNseV0o7CjXFKO3DSoK0ylN9PFHq0ve,,2023-09-18T12:33:19
512,smithadam@example.org,$2b$12$rL8hLUFppz5U1YcV8G4NtuSPYVLgKHjdDTDlspRR7cJIT.LbX8ll2,,2023-09-18T13:47:41
513,baileygwendolyn@example.com,$2b$12$wD7/XvM63Y4UBQgd6J6whu5vNxwrQ6yCLAOJkM4edAVlfRs.36lnu,,2023-09-18T15:25:33
514,mckenziejeremy@example.net,$2b$12$BEkeIIg2IruIXKaCUblMWOW3HWlga3Ke/13OIGUlqUQpDdcdbc.aO,,2023-09-18T19:35:15
515,nicole04@example.net,$2b$12$s1aAUqU/B00XmBJIbd5HSekZfRkNe96yNOoj4PW74ClE4Ik66yugS,,2023-09-18T19:58:14
516,jessica20@example.com,$2b$12$jVlVbAhyVORQcWLDXsBv6eoUlAt4fvuSaf1ZtgrmaT8iLrP4s0qpe,,2023-09-18T20:04:14
517,joshua60@example.org,$2b$12$LYtROj8Kw8kmmz19r2B0xO3iDtuA2S.57f6hZA7EFK2cEsoVmEtMG,,2023-09-18T20:35:37
518,hmendoza@example.com,$2b$12$0f1P2So2d9Bv374QGcQie.emF8AwSRAeBfAFrtpgZcP0GTNwnMEHS,,2023-09-19T04:39:58
519,tim54@example.net,$2b$12$ttscfgPj/IJ.IGjW/lIDmunvI1dN5iSQgM5xR6610n.i5MrOtV4EK,,2023-09-19T06:45:32
520,nicole82@example.net,$2b$12$b/TOorQ5a3F3AcCcog3EZ.S7BWOx8Q3obAGF7dDKI5Oi.uG0a2r06,,2023-09-19T09:44:47
521,mariah41@example.org,$2b$12$dmGgrCIbh82aNu2/9UqpSeKqyFR7rzbPSBC/h3ml1cLw4p..eTrC.,,2023-09-19T10:26:01
522,andersonkelsey@example.com,$2b$12$qdPQf3pKg8JXfwAN6836k.0874rECZWIRS25biTq68rVjXk9gC1B.,,2023-09-19T12:32:05
523,cbrown@example.net,$2b$12$OXlrpV2hmLGryfoDOyV/4etJCHGPrlTM8RY13bl9JFd4cDeCXzuJO,,2023-09-19T17:26:05
524,mikemorton@example.com,$2b$12$UTE2Ays1nc3U2bqBzlRMVeWR/mLeg71vboIs3EAIyOVRq7KGv..o.,,2023-09-19T17:55:07
525,ujohnson@example.com,$2b$12$ox6vXqHKJGoPjmnLhXmBmeD8//z3C.qwZIvCrYLW71BLrAujb4jYi,,2023-09-19T19:55:42
526,blanchardashley@example.org,$2b$12$y4AXtUsRBH3Plgxrx71r8u8I8GIsz3Y25d39p4P.hwinxI94FXQt2,,2023-09-19T20:48:31
527,oortiz@example.net,$2b$12$8tFGAxLn7jPmZzY5BDHOpe5kPxwU5aqqfo5cZqHQNPbROT2DA9sai,,2023-09-19T21:16:53
528,jonesfrank@example.org,$2b$12$YklRC5.FyLLWhK3f3fPikeC3.CE68anDpR1UsKRpTR5jUxM9nkaVe,,2023-09-19T21:27:58
529,myerschristina@example.net,$2b$12$hdNKbv6/elytAKy4DtUfMugMVuO81Hk9nuNmdZCLnX.0MohWoShhC,,2023-09-19T23:19:25
530,smithamanda@example.com,$2b$12$bqr9TuMaoweQ9gyydb8L2.gnTGEZRruxwhFXz7eDuRr6TzD.Xlpta,,2023-09-20T00:02:18
531,kstewart@example.com,$2b$12$o3oJzoxvK15reLpOTaKz9Ozhe/kBffdi5VsKhMI6OFjPTRxgq5NLa,,2023-09-20T07:01:36
532,ana21@example.org,$2b$12$e2P.qRSrNBHpzuQmL3CqleXCDZMIX4uLJ3i93zlIFTpFE1TBOnJT.,,2023-09-20T08:21:49
533,michaelkyle@example.com,$2b$12$7cV/xCzjkhPXVxdW74vPde3qZpoChvK5v1q1kye1WNKaEEeRMBzm.,,2023-09-20T09:58:11
534,jennifershea@example.com,$2b$12$dmEj13u7AJHumXMR1mZ2M.GtyLZZ.LXwHCJ64BqGv6Q7EywDk1lp6,,2023-09-20T10:30:14
535,gfischer@example.net,$2b$12$Yc14TPEQtd9gDNwVmdaTzOdcI36kApXfEi.qbiREgjwRxo.sb8dxm,,2023-09-20T11:41:16
536,richard23@example.com,$2b$12$5kVaNkx6rNYQhizWFEFLXOjpOJUkEgHTx/cqpD7FjbIsixL0pjjoC,,2023-09-20T12:22:51
537,colewilliam@example.com,$2b$12$OqT0E3zkAMwaTpvoWCMgIOWmrFeirN38TfUak3O6dK7DdOcDfHDQu,,2023-09-20T12:32:23
538,dsmith@example.net,$2b$12$mR1grItcEmPAv2G7OUFXqOtxLuznCCq1Q8jiwSq3oRoKNwTQE0Cy2,,2023-09-20T14:03:08
539,millerjessica@example.com,$2b$12$HCMrXz2NhQu5MOJs8Ra7IONXLx2.XBononVb127CYEr8OEEtHXKE.,,2023-09-20T17:50:08
540,apetty@example.com,$2b$12$cbvFmlBisXpYCe.OxXANMO3.YnG.9qGpfdwh6aOyHDDt3/Js2yt9K,,2023-09-20T18:25:34
541,kaitlynmartin@example.com,$2b$12$FNg7fjvLlKztrg9kTlkmQO2kHrOLifM/qSXfAw9BIWIhJSqzCCj76,,2023-09-20T18:45:03
542,irussell@example.com,$2b$12$vXyS1PXeaGivV4si.CowK.aQjU1wgFCY55G2S3KgvDC6KG2HugZ7G,,2023-09-20T22:17:37
543,wmorgan@example.com,$2b$12$nwCLcrFtW3nwSvCJL6OycO//jHf7rSbKb.WAIqsq7gG.SEKK62Zh6,,2023-09-21T01:24:30
