Id,UserId,AlbumId,Url,Created
1,1,2,https://loremflickr.com/480/320/all?random=14336,2023-09-10T23:48:16
2,2,4,https://loremflickr.com/320/180/all?random=6308,2023-09-11T00:00:40
3,3,6,https://loremflickr.com/480/320/all?random=76908,2023-09-11T00:13:14
106,3,6,https://loremflickr.com/320/180/all?random=26518,2023-09-12T00:32:17
4,4,8,https://loremflickr.com/320/180/all?random=99762,2023-09-11T00:15:55
5,5,10,https://loremflickr.com/320/180/all?random=73017,2023-09-11T00:29:22
6,6,12,https://loremflickr.com/480/320/all?random=84956,2023-09-11T00:31:39
7,7,14,https://loremflickr.com/320/180/all?random=34072,2023-09-11T00:37:07
8,8,16,https://loremflickr.com/320/180/all?random=15094,2023-09-11T00:47:57
9,9,18,https://loremflickr.com/320/180/all?random=89488,2023-09-11T00:48:16
10,10,20,https://loremflickr.com/320/180/all?random=67157,2023-09-11T00:50:21
11,11,22,https://loremflickr.com/480/320/all?random=86171,2023-09-11T01:06:52
12,12,24,https://loremflickr.com/480/320/all?random=1365,2023-09-11T01:19:09
41,12,24,https://loremflickr.com/320/180/all?random=38066,2023-09-11T05:28:26
13,13,26,https://loremflickr.com/320/180/all?random=67430,2023-09-11T01:32:09
14,14,28,https://loremflickr.com/480/320/all?random=74789,2023-09-11T01:41:20
111,14,28,https://loremflickr.com/480/320/all?random=68430,2023-09-13T03:01:54
115,14,28,https://loremflickr.com/480/320/all?random=41184,2023-09-13T18:24:49
116,14,28,https://loremflickr.com/480/320/all?random=47116,2023-09-13T23:54:15
15,15,30,https://loremflickr.com/320/180/all?random=49861,2023-09-11T01:48:07
36,15,30,https://loremflickr.com/480/320/all?random=52688,2023-09-11T04:48:06
120,15,30,https://loremflickr.com/480/320/all?random=35204,2023-09-14T16:23:26
16,16,32,https://loremflickr.com/320/180/all?random=63977,2023-09-11T01:51:44
105,16,32,https://loremflickr.com/480/320/all?random=78304,2023-09-11T22:45:13
17,17,34,https://loremflickr.com/320/180/all?random=43479,2023-09-11T02:03:40
18,18,36,https://loremflickr.com/480/320/all?random=36840,2023-09-11T02:05:05
19,19,38,https://loremflickr.com/320/180/all?random=73244,2023-09-11T02:21:16
20,20,40,https://loremflickr.com/320/180/all?random=33570,2023-09-11T02:24:57
21,21,42,https://loremflickr.com/480/320/all?random=77245,2023-09-11T02:36:58
126,21,42,https://loremflickr.com/480/320/all?random=63465,2023-09-15T23:45:09
22,22,44,https://loremflickr.com/320/180/all?random=2089,2023-09-11T02:52:57
23,23,46,https://loremflickr.com/320/180/all?random=35916,2023-09-11T02:59:02
104,23,46,https://loremflickr.com/320/180/all?random=39702,2023-09-11T14:58:18
114,23,46,https://loremflickr.com/320/180/all?random=42677,2023-09-13T13:06:47
24,24,48,https://loremflickr.com/480/320/all?random=89973,2023-09-11T03:07:05
25,25,50,https://loremflickr.com/480/320/all?random=55312,2023-09-11T03:12:35
26,26,52,https://loremflickr.com/320/180/all?random=26160,2023-09-11T03:19:29
27,27,54,https://loremflickr.com/320/180/all?random=65597,2023-09-11T03:31:47
28,28,56,https://loremflickr.com/320/180/all?random=19815,2023-09-11T03:40:33
29,29,58,https://loremflickr.com/480/320/all?random=51796,2023-09-11T03:44:57
30,30,60,https://loremflickr.com/480/320/all?random=5416,2023-09-11T03:55:48
31,31,62,https://loremflickr.com/320/180/all?random=31158,2023-09-11T04:10:21
32,32,64,https://loremflickr.com/320/180/all?random=87208,2023-09-11T04:15:12
33,33,66,https://loremflickr.com/320/180/all?random=88815,2023-09-11T04:25:03
34,34,68,https://loremflickr.com/320/180/all?random=90330,2023-09-11T04:34:10
35,35,70,https://loremflickr.com/480/320/all?random=54178,2023-09-11T04:48:06
129,35,70,https://loremflickr.com/480/320/all?random=49643,2023-09-16T13:11:39
37,36,72,https://loremflickr.com/480/320/all?random=72094,2023-09-11T04:54:26
38,37,74,https://loremflickr.com/320/180/all?random=82137,2023-09-11T05:03:31
48,37,74,https://loremflickr.com/320/180/all?random=64570,2023-09-11T06:05:17
39,38,76,https://loremflickr.com/320/180/all?random=20004,2023-09-11T05:17:41
40,39,78,https://loremflickr.com/320/180/all?random=97756,2023-09-11T05:28:26
117,39,78,https://loremflickr.com/320/180/all?random=69569,2023-09-14T02:53:57
42,40,80,https://loremflickr.com/320/180/all?random=81613,2023-09-11T05:40:03
43,41,82,https://loremflickr.com/480/320/all?random=23913,2023-09-11T05:45:45
44,42,84,https://loremflickr.com/480/320/all?random=51754,2023-09-11T05:56:35
118,42,84,https://loremflickr.com/480/320/all?random=98319,2023-09-14T12:20:18
45,43,86,https://loremflickr.com/320/180/all?random=50690,2023-09-11T06:03:43
71,43,86,https://loremflickr.com/480/320/all?random=27107,2023-09-11T09:08:44
46,44,88,https://loremflickr.com/320/180/all?random=42644,2023-09-11T06:03:51
47,45,90,https://loremflickr.com/320/180/all?random=28768,2023-09-11T06:05:17
49,46,92,https://loremflickr.com/320/180/all?random=60187,2023-09-11T06:19:49
50,47,94,https://loremflickr.com/480/320/all?random=30189,2023-09-11T06:24:32
51,48,96,https://loremflickr.com/480/320/all?random=59777,2023-09-11T06:36:46
52,49,98,https://loremflickr.com/320/180/all?random=70164,2023-09-11T06:52:18
53,50,100,https://loremflickr.com/480/320/all?random=63836,2023-09-11T07:04:57
54,51,102,https://loremflickr.com/320/180/all?random=82739,2023-09-11T07:05:59
55,52,104,https://loremflickr.com/480/320/all?random=87434,2023-09-11T07:20:23
56,53,106,https://loremflickr.com/480/320/all?random=5438,2023-09-11T07:34:44
57,54,108,https://loremflickr.com/480/320/all?random=69525,2023-09-11T07:43:41
58,55,110,https://loremflickr.com/320/180/all?random=94160,2023-09-11T07:47:36
59,56,112,https://loremflickr.com/320/180/all?random=86904,2023-09-11T07:52:40
60,57,114,https://loremflickr.com/480/320/all?random=6378,2023-09-11T07:58:27
61,58,116,https://loremflickr.com/320/180/all?random=65421,2023-09-11T08:15:07
62,59,118,https://loremflickr.com/480/320/all?random=80221,2023-09-11T08:19:23
63,60,120,https://loremflickr.com/320/180/all?random=59337,2023-09-11T08:24:26
130,60,120,https://loremflickr.com/320/180/all?random=60874,2023-09-16T13:12:32
64,61,122,https://loremflickr.com/480/320/all?random=68340,2023-09-11T08:24:32
65,62,124,https://loremflickr.com/320/180/all?random=12107,2023-09-11T08:36:42
119,62,124,https://loremflickr.com/320/180/all?random=2500,2023-09-14T13:49:48
66,63,126,https://loremflickr.com/320/180/all?random=8643,2023-09-11T08:46:27
67,64,128,https://loremflickr.com/480/320/all?random=9849,2023-09-11T08:52:32
68,65,130,https://loremflickr.com/480/320/all?random=61758,2023-09-11T08:59:58
69,66,132,https://loremflickr.com/480/320/all?random=40168,2023-09-11T09:06:36
108,66,132,https://loremflickr.com/480/320/all?random=72358,2023-09-12T17:50:55
131,66,132,https://loremflickr.com/320/180/all?random=93912,2023-09-16T14:10:10
70,67,134,https://loremflickr.com/480/320/all?random=9334,2023-09-11T09:08:44
72,68,136,https://loremflickr.com/320/180/all?random=88133,2023-09-11T09:11:51
73,69,138,https://loremflickr.com/320/180/all?random=75330,2023-09-11T09:24:06
74,70,140,https://loremflickr.com/320/180/all?random=71973,2023-09-11T09:39:45
124,70,140,https://loremflickr.com/320/180/all?random=8098,2023-09-15T23:16:09
75,71,142,https://loremflickr.com/320/180/all?random=26024,2023-09-11T09:47:37
76,72,144,https://loremflickr.com/320/180/all?random=67520,2023-09-11T09:49:27
77,73,146,https://loremflickr.com/320/180/all?random=77021,2023-09-11T09:57:34
78,74,148,https://loremflickr.com/480/320/all?random=81248,2023-09-11T10:10:36
113,74,148,https://loremflickr.com/480/320/all?random=91858,2023-09-13T10:56:04
79,75,150,https://loremflickr.com/480/320/all?random=52198,2023-09-11T10:17:42
128,75,150,https://loremflickr.com/480/320/all?random=48235,2023-09-16T05:25:08
80,76,152,https://loremflickr.com/320/180/all?random=16588,2023-09-11T10:34:01
81,77,154,https://loremflickr.com/320/180/all?random=1812,2023-09-11T10:37:49
82,78,156,https://loremflickr.com/480/320/all?random=78855,2023-09-11T10:50:44
83,79,158,https://loremflickr.com/480/320/all?random=69047,2023-09-11T10:59:54
84,80,160,https://loremflickr.com/320/180/all?random=23934,2023-09-11T11:04:05
85,81,162,https://loremflickr.com/480/320/all?random=11792,2023-09-11T11:04:44
86,82,164,https://loremflickr.com/320/180/all?random=66958,2023-09-11T11:08:00
87,83,166,https://loremflickr.com/320/180/all?random=8682,2023-09-11T11:18:49
88,84,168,https://loremflickr.com/320/180/all?random=29675,2023-09-11T11:31:29
123,84,168,https://loremflickr.com/320/180/all?random=73651,2023-09-15T17:17:39
89,85,170,https://loremflickr.com/320/180/all?random=77336,2023-09-11T11:32:40
90,86,172,https://loremflickr.com/320/180/all?random=95207,2023-09-11T11:44:37
91,87,174,https://loremflickr.com/480/320/all?random=16385,2023-09-11T11:56:52
92,88,176,https://loremflickr.com/320/180/all?random=38975,2023-09-11T11:57:17
109,88,176,https://loremflickr.com/320/180/all?random=74854,2023-09-12T21:25:03
93,89,178,https://loremflickr.com/320/180/all?random=35562,2023-09-11T11:57:57
112,89,178,https://loremflickr.com/480/320/all?random=37817,2023-09-13T10:42:13
94,90,180,https://loremflickr.com/320/180/all?random=167,2023-09-11T12:08:51
95,91,182,https://loremflickr.com/320/180/all?random=15404,2023-09-11T12:10:15
96,92,184,https://loremflickr.com/480/320/all?random=51426,2023-09-11T12:20:12
97,93,186,https://loremflickr.com/480/320/all?random=41637,2023-09-11T12:27:45
98,94,188,https://loremflickr.com/320/180/all?random=70118,2023-09-11T12:40:07
99,95,190,https://loremflickr.com/480/320/all?random=5923,2023-09-11T12:50:07
110,95,190,https://loremflickr.com/320/180/all?random=53586,2023-09-13T01:47:11
100,96,192,https://loremflickr.com/320/180/all?random=85483,2023-09-11T13:04:50
101,97,194,https://loremflickr.com/320/180/all?random=59956,2023-09-11T13:14:19
102,98,196,https://loremflickr.com/480/320/all?random=95485,2023-09-11T13:23:15
103,99,198,https://loremflickr.com/480/320/all?random=45091,2023-09-11T13:26:56
107,100,200,https://loremflickr.com/480/320/all?random=64340,2023-09-12T16:19:02
121,101,202,https://loremflickr.com/480/320/all?random=93907,2023-09-14T18:19:25
122,102,204,https://loremflickr.com/480/320/all?random=2499,2023-09-15T00:33:40
125,103,206,https://loremflickr.com/480/320/all?random=41866,2023-09-15T23:35:23
127,104,208,https://loremflickr.com/480/320/all?random=64803,2023-09-16T02:29:15
