Id,Name,Gender,Birthday,Email,Phone,Intro,AvatarS,AvatarL,Created
1,Susan Yates,F,1974-09-05,brian14@example.com,7248213204910,Raise feeling pick end final. Drive up give though. Town everything many.,https://eu.ui-avatars.com/api/?name=SY&background=random&size=32,https://eu.ui-avatars.com/api/?name=SY&background=random&size=128,2023-09-10T23:48:16
2,Ricky Wall,M,2002-12-08,laurenanderson@example.org,4617541935728,Hotel data nearly better light might color commercial. Finish forward not. Impact town process oil second. Usually scientist group matter involve.,https://eu.ui-avatars.com/api/?name=RW&background=random&size=32,https://eu.ui-avatars.com/api/?name=RW&background=random&size=128,2023-09-11T00:00:40
3,Taylor Keller,F,1946-09-02,crystal50@example.net,5282804810973,Fire must me college mention magazine fall. Fine garden them.,https://eu.ui-avatars.com/api/?name=TK&background=random&size=32,https://eu.ui-avatars.com/api/?name=TK&background=random&size=128,2023-09-11T00:13:14
4,Karen Johns,F,1982-05-31,dennismary@example.net,4113372362870,Bad clear fly speech forward situation. Instead get issue bad enough whether. Yeah trip Democrat nothing land.,https://eu.ui-avatars.com/api/?name=KJ&background=random&size=32,https://eu.ui-avatars.com/api/?name=KJ&background=random&size=128,2023-09-11T00:15:55
5,Daniel Griffin,M,1996-08-26,louis02@example.net,1107197856064,First guy hair condition. Trial able seat act science. Eye simple worker hard very.,https://eu.ui-avatars.com/api/?name=DG&background=random&size=32,https://eu.ui-avatars.com/api/?name=DG&background=random&size=128,2023-09-11T00:29:22
6,Thomas Smith,M,1952-11-01,jeremydalton@example.net,8013848227720,Majority perhaps one why anyone consider perhaps. Want list practice tonight family. President remain about notice win tonight. Sure center yard receive sea per.,https://eu.ui-avatars.com/api/?name=TS&background=random&size=32,https://eu.ui-avatars.com/api/?name=TS&background=random&size=128,2023-09-11T00:31:39
7,Steven Munoz,M,2007-06-14,hinesmiguel@example.com,4871773267368,Of direction fill year. Ask wonder detail. Computer necessary woman enjoy someone expert. Sure floor mouth should within.,https://eu.ui-avatars.com/api/?name=SM&background=random&size=32,https://eu.ui-avatars.com/api/?name=SM&background=random&size=128,2023-09-11T00:37:07
8,Franklin Thompson,M,1947-09-26,erin67@example.net,4678697243353,Special feel long although. Sea nice less relationship section miss. Nor growth morning think account approach stuff. Cold bag view daughter property ever sing message.,https://eu.ui-avatars.com/api/?name=FT&background=random&size=32,https://eu.ui-avatars.com/api/?name=FT&background=random&size=128,2023-09-11T00:47:57
9,Mary Cox,F,1960-06-08,mariah18@example.net,4113616610026,Produce mean everybody child job third. Sit election true respond for. Past miss create.,https://eu.ui-avatars.com/api/?name=MC&background=random&size=32,https://eu.ui-avatars.com/api/?name=MC&background=random&size=128,2023-09-11T00:48:16
10,Bradley Hill,M,1984-05-17,michelethomas@example.com,6254869552686,Each time project mouth decade approach. Even see contain article matter perhaps wife. Kind consider discussion mother mother. Source mind benefit husband place garden home.,https://eu.ui-avatars.com/api/?name=BH&background=random&size=32,https://eu.ui-avatars.com/api/?name=BH&background=random&size=128,2023-09-11T00:50:21
11,Michael Hopkins,M,1977-09-09,sandovallori@example.org,3576762535661,Leg action office everyone amount production woman. Join people check yeah. Surface improve strategy live spring.,https://eu.ui-avatars.com/api/?name=MH&background=random&size=32,https://eu.ui-avatars.com/api/?name=MH&background=random&size=128,2023-09-11T01:06:52
12,Lisa Stewart,F,1957-08-10,smithchristopher@example.org,3949667840997,Per Congress over same many shake letter. Quite ground wrong certain personal. Could crime model base then three serious.,https://eu.ui-avatars.com/api/?name=LS&background=random&size=32,https://eu.ui-avatars.com/api/?name=LS&background=random&size=128,2023-09-11T01:19:09
13,Samuel Gomez,M,2010-08-19,michael59@example.net,8373517005385,Animal election sense relationship also. Training agent relationship step ago clear major.,https://eu.ui-avatars.com/api/?name=SG&background=random&size=32,https://eu.ui-avatars.com/api/?name=SG&background=random&size=128,2023-09-11T01:32:09
14,Anna Bryan,F,1970-12-22,djackson@example.org,0512803469051,Specific want thus very especially. Close try glass couple situation. Service hear there bank it. Maybe dinner small such live.,https://eu.ui-avatars.com/api/?name=AB&background=random&size=32,https://eu.ui-avatars.com/api/?name=AB&background=random&size=128,2023-09-11T01:41:20
15,Ethan Porter,M,1967-10-16,pgonzales@example.net,2225540482330,Person skin executive responsibility. Work bag study glass four teach.,https://eu.ui-avatars.com/api/?name=EP&background=random&size=32,https://eu.ui-avatars.com/api/?name=EP&background=random&size=128,2023-09-11T01:48:07
16,Andrea Martin,F,1998-03-13,billy13@example.com,0895811489519,Reason baby picture mouth. Agree you actually eat Mr oil. Investment painting what.,https://eu.ui-avatars.com/api/?name=AM&background=random&size=32,https://eu.ui-avatars.com/api/?name=AM&background=random&size=128,2023-09-11T01:51:44
17,Ronald Ryan,M,1946-03-04,qrangel@example.org,6026150185352,Manage since stage business quality discover letter receive. Four start institution short. Thousand police reveal truth turn.,https://eu.ui-avatars.com/api/?name=RR&background=random&size=32,https://eu.ui-avatars.com/api/?name=RR&background=random&size=128,2023-09-11T02:03:40
18,Shane Brown,M,1965-10-05,jenniferstevenson@example.net,0044344858725,Trial news American audience four carry add.,https://eu.ui-avatars.com/api/?name=SB&background=random&size=32,https://eu.ui-avatars.com/api/?name=SB&background=random&size=128,2023-09-11T02:05:05
19,Jessica Chambers,F,1943-02-27,lindamorgan@example.org,3921820296826,He although window everyone. Decision carry similar culture near class.,https://eu.ui-avatars.com/api/?name=JC&background=random&size=32,https://eu.ui-avatars.com/api/?name=JC&background=random&size=128,2023-09-11T02:21:16
20,Kevin Ward,M,1959-01-21,nbrown@example.org,1691387184483,Herself mother hard become case.,https://eu.ui-avatars.com/api/?name=KW&background=random&size=32,https://eu.ui-avatars.com/api/?name=KW&background=random&size=128,2023-09-11T02:24:57
21,Kelly Tyler,F,1978-03-08,paul86@example.org,0230912128024,Smile save boy. Particular rule Mrs season. Official candidate oil. Program lay doctor age kind drive TV box.,https://eu.ui-avatars.com/api/?name=KT&background=random&size=32,https://eu.ui-avatars.com/api/?name=KT&background=random&size=128,2023-09-11T02:36:58
22,Elaine Lane,F,1966-06-15,elizabethrivera@example.net,9146857934769,Onto tell start. Exist reach she success with believe respond.,https://eu.ui-avatars.com/api/?name=EL&background=random&size=32,https://eu.ui-avatars.com/api/?name=EL&background=random&size=128,2023-09-11T02:52:57
23,Peter Barker,M,2000-04-24,fgutierrez@example.org,4575027778101,World hour series. Night account production safe on.,https://eu.ui-avatars.com/api/?name=PB&background=random&size=32,https://eu.ui-avatars.com/api/?name=PB&background=random&size=128,2023-09-11T02:59:02
24,Bethany Davenport,F,1995-02-17,anthonynelson@example.com,4929997715682,Hospital risk middle while speech. Black stop region.,https://eu.ui-avatars.com/api/?name=BD&background=random&size=32,https://eu.ui-avatars.com/api/?name=BD&background=random&size=128,2023-09-11T03:07:05
25,Lisa Allen,F,1955-03-08,carolynanderson@example.net,9508362714221,If relate oil fact late. Meet by church high. Contain less leave scientist write every.,https://eu.ui-avatars.com/api/?name=LA&background=random&size=32,https://eu.ui-avatars.com/api/?name=LA&background=random&size=128,2023-09-11T03:12:35
26,Tracey Best,F,1984-01-13,johnsonandrew@example.net,6585175589656,Itself behavior since public child benefit peace. Little perform road contain upon hit of.,https://eu.ui-avatars.com/api/?name=TB&background=random&size=32,https://eu.ui-avatars.com/api/?name=TB&background=random&size=128,2023-09-11T03:19:29
27,Stephanie Wood MD,F,1978-09-10,ericmaxwell@example.com,2798875773331,Career final material laugh young enter arrive. Form between cost early beyond carry. Out energy friend husband.,https://eu.ui-avatars.com/api/?name=SWM&background=random&size=32,https://eu.ui-avatars.com/api/?name=SWM&background=random&size=128,2023-09-11T03:31:47
28,Walter Jones,M,2002-04-28,victorlucas@example.net,7444390240289,Child discussion story. Front game drop appear tax build.,https://eu.ui-avatars.com/api/?name=WJ&background=random&size=32,https://eu.ui-avatars.com/api/?name=WJ&background=random&size=128,2023-09-11T03:40:33
29,Kenneth Mclean,M,2005-01-02,gdiaz@example.org,2250634243066,Keep body generation wife. Director professional play soon.,https://eu.ui-avatars.com/api/?name=KM&background=random&size=32,https://eu.ui-avatars.com/api/?name=KM&background=random&size=128,2023-09-11T03:44:57
30,Regina Hall,F,1979-10-22,bjohnson@example.org,2155503927502,Strategy imagine seem buy. Machine down ask guess middle ask skin.,https://eu.ui-avatars.com/api/?name=RH&background=random&size=32,https://eu.ui-avatars.com/api/?name=RH&background=random&size=128,2023-09-11T03:55:48
31,Catherine Archer,F,1995-05-12,anne51@example.org,3276891093139,Moment wonder popular later. Certainly enter difficult generation.,https://eu.ui-avatars.com/api/?name=CA&background=random&size=32,https://eu.ui-avatars.com/api/?name=CA&background=random&size=128,2023-09-11T04:10:21
32,James Garcia,M,2007-10-04,william56@example.net,6893600138754,People list thing professional yes network step. Seven I although shoulder idea. Age sister say.,https://eu.ui-avatars.com/api/?name=JG&background=random&size=32,https://eu.ui-avatars.com/api/?name=JG&background=random&size=128,2023-09-11T04:15:12
33,Cory Palmer,M,1982-11-18,fordmatthew@example.org,9638899204300,Debate happen challenge factor federal. Either technology field imagine either.,https://eu.ui-avatars.com/api/?name=CP&background=random&size=32,https://eu.ui-avatars.com/api/?name=CP&background=random&size=128,2023-09-11T04:25:03
34,Heather Camacho,F,1991-07-03,steven72@example.org,0217366023347,Study for far two. Quickly Congress anything each forward likely dream. Pattern author watch.,https://eu.ui-avatars.com/api/?name=HC&background=random&size=32,https://eu.ui-avatars.com/api/?name=HC&background=random&size=128,2023-09-11T04:34:10
35,Julie Martinez,F,1962-12-02,allenamy@example.com,0939381095902,Consumer everything watch everyone. Deep theory face.,https://eu.ui-avatars.com/api/?name=JM&background=random&size=32,https://eu.ui-avatars.com/api/?name=JM&background=random&size=128,2023-09-11T04:48:06
36,Heather Mcdonald,F,1973-02-12,lisanguyen@example.net,7771432641228,These those plan miss. Lot war some own yes thing director law.,https://eu.ui-avatars.com/api/?name=HM&background=random&size=32,https://eu.ui-avatars.com/api/?name=HM&background=random&size=128,2023-09-11T04:54:26
37,Taylor Schultz,F,1989-07-09,valerie88@example.net,4207095821940,Herself Congress seat ball represent major. Lose agree military energy. Treatment fact firm.,https://eu.ui-avatars.com/api/?name=TS&background=random&size=32,https://eu.ui-avatars.com/api/?name=TS&background=random&size=128,2023-09-11T05:03:31
38,Kelly Lane,F,1951-03-28,brandyhunt@example.org,7263445269177,Production name rest myself skill she. Dog space skill develop me walk. Side sense stage this strong.,https://eu.ui-avatars.com/api/?name=KL&background=random&size=32,https://eu.ui-avatars.com/api/?name=KL&background=random&size=128,2023-09-11T05:17:41
39,Dakota Mitchell,M,1979-07-28,george28@example.com,2983063756596,Black again hand past language. Sport past to within.,https://eu.ui-avatars.com/api/?name=DM&background=random&size=32,https://eu.ui-avatars.com/api/?name=DM&background=random&size=128,2023-09-11T05:28:26
40,Kathleen Jones,F,1960-08-30,jenniferrobertson@example.com,8349279175579,Serious affect your keep traditional. Almost lose court institution decision attention. Idea deal however people window.,https://eu.ui-avatars.com/api/?name=KJ&background=random&size=32,https://eu.ui-avatars.com/api/?name=KJ&background=random&size=128,2023-09-11T05:40:03
41,Joshua Jones,M,1959-03-14,dcole@example.net,2870620019541,Paper green western certain. Never wish song player recent production. Say state statement laugh hit book watch.,https://eu.ui-avatars.com/api/?name=JJ&background=random&size=32,https://eu.ui-avatars.com/api/?name=JJ&background=random&size=128,2023-09-11T05:45:45
42,Karen Calhoun,F,1990-03-13,christopher21@example.com,4349656954805,Power law people.,https://eu.ui-avatars.com/api/?name=KC&background=random&size=32,https://eu.ui-avatars.com/api/?name=KC&background=random&size=128,2023-09-11T05:56:35
43,Frances Rodriguez,F,2002-04-16,rebeccacasey@example.net,1143242781188,Chair travel authority month letter. Audience early small PM party which safe house. Between blood hour during add.,https://eu.ui-avatars.com/api/?name=FR&background=random&size=32,https://eu.ui-avatars.com/api/?name=FR&background=random&size=128,2023-09-11T06:03:43
44,Brandon Smith,M,1981-03-02,scott12@example.org,3309614084629,Among candidate nation will stock. Indeed see thing bank assume yet order.,https://eu.ui-avatars.com/api/?name=BS&background=random&size=32,https://eu.ui-avatars.com/api/?name=BS&background=random&size=128,2023-09-11T06:03:51
45,Stacey Hudson,F,1980-07-16,mark89@example.org,8703880315095,Eat pick bank wife. Later official culture smile each. Movie product magazine.,https://eu.ui-avatars.com/api/?name=SH&background=random&size=32,https://eu.ui-avatars.com/api/?name=SH&background=random&size=128,2023-09-11T06:05:17
46,Monica Drake,F,1959-01-07,jasonlee@example.com,9096905088604,Responsibility about outside someone candidate along within. Exist argue still mention current.,https://eu.ui-avatars.com/api/?name=MD&background=random&size=32,https://eu.ui-avatars.com/api/?name=MD&background=random&size=128,2023-09-11T06:19:49
47,Bridget Nelson,F,1998-12-28,xgallegos@example.org,7119436975723,Notice whom bag.,https://eu.ui-avatars.com/api/?name=BN&background=random&size=32,https://eu.ui-avatars.com/api/?name=BN&background=random&size=128,2023-09-11T06:24:32
48,George Keith,M,1970-08-16,zacharyblake@example.com,0721145933828,Anything structure or on mention. Between but how difference meeting them reflect. You far ever a happy thought.,https://eu.ui-avatars.com/api/?name=GK&background=random&size=32,https://eu.ui-avatars.com/api/?name=GK&background=random&size=128,2023-09-11T06:36:46
49,Casey Moody,F,2010-04-05,christopher27@example.net,4991194360630,Mind president name maybe leave challenge. Other again foreign north not difficult rate.,https://eu.ui-avatars.com/api/?name=CM&background=random&size=32,https://eu.ui-avatars.com/api/?name=CM&background=random&size=128,2023-09-11T06:52:18
50,Daniel Harris,M,1992-09-11,mmcdowell@example.com,9036824170435,Suffer allow answer inside cover. Movement end mother condition between image. Hair skill beyond man condition.,https://eu.ui-avatars.com/api/?name=DH&background=random&size=32,https://eu.ui-avatars.com/api/?name=DH&background=random&size=128,2023-09-11T07:04:57
51,Deanna Gibson,F,2008-12-02,jesusbell@example.com,6890590378008,Yourself daughter thing mean me. Note spring must minute usually teacher. Spend station really.,https://eu.ui-avatars.com/api/?name=DG&background=random&size=32,https://eu.ui-avatars.com/api/?name=DG&background=random&size=128,2023-09-11T07:05:59
52,Cynthia Levy,F,1966-06-24,michaelmorgan@example.net,9748984244103,Least popular next board.,https://eu.ui-avatars.com/api/?name=CL&background=random&size=32,https://eu.ui-avatars.com/api/?name=CL&background=random&size=128,2023-09-11T07:20:23
53,Jeffrey Green,M,1943-03-18,patricia82@example.com,5294890745385,Theory president cultural play fast who.,https://eu.ui-avatars.com/api/?name=JG&background=random&size=32,https://eu.ui-avatars.com/api/?name=JG&background=random&size=128,2023-09-11T07:34:44
54,Anna Lee,F,1952-05-04,catherine26@example.com,2204068967708,Miss always view clearly push keep.,https://eu.ui-avatars.com/api/?name=AL&background=random&size=32,https://eu.ui-avatars.com/api/?name=AL&background=random&size=128,2023-09-11T07:43:41
55,Tina White,F,1958-03-01,smithkyle@example.com,8836233616781,Somebody remain during protect point. Relate wonder plant economy like owner. Name chair bag.,https://eu.ui-avatars.com/api/?name=TW&background=random&size=32,https://eu.ui-avatars.com/api/?name=TW&background=random&size=128,2023-09-11T07:47:36
56,Chloe Stanley,F,1961-11-09,adrian10@example.com,1206518856671,Miss nor hot too myself.,https://eu.ui-avatars.com/api/?name=CS&background=random&size=32,https://eu.ui-avatars.com/api/?name=CS&background=random&size=128,2023-09-11T07:52:40
57,Lauren Vasquez,F,2004-12-30,hansonpamela@example.com,1752891656380,Minute level everyone pretty risk month. Help democratic third suggest oil rest few drug.,https://eu.ui-avatars.com/api/?name=LV&background=random&size=32,https://eu.ui-avatars.com/api/?name=LV&background=random&size=128,2023-09-11T07:58:27
58,John Cervantes,M,1966-12-28,torreschristopher@example.net,5626678447155,Nature college through radio speak strategy attention. South point heart.,https://eu.ui-avatars.com/api/?name=JC&background=random&size=32,https://eu.ui-avatars.com/api/?name=JC&background=random&size=128,2023-09-11T08:15:07
59,Jason Estrada,M,1995-02-06,butlerlawrence@example.com,1271607347082,World senior coach west resource line enough teach. We black organization cost important she indeed before.,https://eu.ui-avatars.com/api/?name=JE&background=random&size=32,https://eu.ui-avatars.com/api/?name=JE&background=random&size=128,2023-09-11T08:19:23
60,Katherine Jackson,F,1963-12-10,jameswatkins@example.org,9109457488737,Not turn rather including challenge. Something keep enter past available citizen. Office process girl.,https://eu.ui-avatars.com/api/?name=KJ&background=random&size=32,https://eu.ui-avatars.com/api/?name=KJ&background=random&size=128,2023-09-11T08:24:26
61,Dylan Lindsey,M,1999-05-24,djohnson@example.com,3916541499752,Interesting watch just should. Cell to data cultural measure itself shake ago.,https://eu.ui-avatars.com/api/?name=DL&background=random&size=32,https://eu.ui-avatars.com/api/?name=DL&background=random&size=128,2023-09-11T08:24:32
62,Sarah Hudson DDS,F,2000-04-18,laura05@example.org,0634232833613,Direction design hospital them example whether. Director environment best measure discover time easy.,https://eu.ui-avatars.com/api/?name=SHD&background=random&size=32,https://eu.ui-avatars.com/api/?name=SHD&background=random&size=128,2023-09-11T08:36:42
63,Tracy Smith,F,1998-02-10,torresxavier@example.net,6871389297202,Star card three start send nature dog visit. Deep production like walk late threat. Everything everybody time practice not nature.,https://eu.ui-avatars.com/api/?name=TS&background=random&size=32,https://eu.ui-avatars.com/api/?name=TS&background=random&size=128,2023-09-11T08:46:27
64,Andrea Morgan,F,1955-05-25,jessicaobrien@example.net,7577741467282,Decade shake surface might. Then until white situation. Out catch result. Local hand staff law forget along area.,https://eu.ui-avatars.com/api/?name=AM&background=random&size=32,https://eu.ui-avatars.com/api/?name=AM&background=random&size=128,2023-09-11T08:52:32
65,Harold Love,M,1971-10-09,enunez@example.org,6622693233889,Claim popular clear. Cold security lose act six Mrs happy computer.,https://eu.ui-avatars.com/api/?name=HL&background=random&size=32,https://eu.ui-avatars.com/api/?name=HL&background=random&size=128,2023-09-11T08:59:58
66,Michelle Cox,F,1992-06-11,kimberlymiller@example.com,9769964295003,Itself final fall. Age plan recent around skill use. Republican name suddenly event.,https://eu.ui-avatars.com/api/?name=MC&background=random&size=32,https://eu.ui-avatars.com/api/?name=MC&background=random&size=128,2023-09-11T09:06:36
67,Nancy Thompson,F,1956-03-12,poolebrendan@example.net,2227411806895,Between knowledge nearly away. Only rest federal investment everyone. Wife in subject road common.,https://eu.ui-avatars.com/api/?name=NT&background=random&size=32,https://eu.ui-avatars.com/api/?name=NT&background=random&size=128,2023-09-11T09:08:44
68,Thomas Rivera,M,1958-08-19,zwest@example.org,9034866732930,Suffer simple interest drug election manage admit. Course bill these customer take thousand three plan.,https://eu.ui-avatars.com/api/?name=TR&background=random&size=32,https://eu.ui-avatars.com/api/?name=TR&background=random&size=128,2023-09-11T09:11:51
69,Laura Jackson,F,1992-03-31,jacob40@example.net,7348876179130,Yes degree tough both. Song American business fear management. Room lawyer stand system unit imagine.,https://eu.ui-avatars.com/api/?name=LJ&background=random&size=32,https://eu.ui-avatars.com/api/?name=LJ&background=random&size=128,2023-09-11T09:24:06
70,Jessica Snow,F,1949-08-23,patrickmerritt@example.net,9735673361457,Throughout pattern list arm. Fly allow of likely could myself. Hand sea act wind.,https://eu.ui-avatars.com/api/?name=JS&background=random&size=32,https://eu.ui-avatars.com/api/?name=JS&background=random&size=128,2023-09-11T09:39:45
71,Lisa Brooks DDS,F,2002-06-17,jason37@example.net,6946815299848,Candidate position development move. Alone nature shoulder customer. Reduce meeting big.,https://eu.ui-avatars.com/api/?name=LBD&background=random&size=32,https://eu.ui-avatars.com/api/?name=LBD&background=random&size=128,2023-09-11T09:47:37
72,Latoya Osborn,F,1965-08-02,hmurillo@example.net,6110546825608,Seven hair economy far. Chance consumer figure cup again cold.,https://eu.ui-avatars.com/api/?name=LO&background=random&size=32,https://eu.ui-avatars.com/api/?name=LO&background=random&size=128,2023-09-11T09:49:27
73,Lisa Ramsey,F,1986-02-26,karen40@example.org,9720620627096,Middle teach game you skin. Dog you firm affect community. And question century analysis manage investment meet.,https://eu.ui-avatars.com/api/?name=LR&background=random&size=32,https://eu.ui-avatars.com/api/?name=LR&background=random&size=128,2023-09-11T09:57:34
74,Carly Macias,F,1961-04-01,michelle40@example.org,4401505606375,Machine road not leg. Government staff summer relate. Data sure pressure yard item assume. Executive western wear trial.,https://eu.ui-avatars.com/api/?name=CM&background=random&size=32,https://eu.ui-avatars.com/api/?name=CM&background=random&size=128,2023-09-11T10:10:36
75,Paul Wilson,M,1960-10-06,nwalker@example.org,0047629928604,Small power crime among cover whether group. Seven store attack hear try bring. Media back bank painting.,https://eu.ui-avatars.com/api/?name=PW&background=random&size=32,https://eu.ui-avatars.com/api/?name=PW&background=random&size=128,2023-09-11T10:17:42
76,Howard Durham,M,1979-03-02,riggsjames@example.com,4519651113829,Effort daughter fight.,https://eu.ui-avatars.com/api/?name=HD&background=random&size=32,https://eu.ui-avatars.com/api/?name=HD&background=random&size=128,2023-09-11T10:34:01
77,Jimmy Chambers,M,1961-07-07,kellyeric@example.com,0030607025590,Easy middle similar interview although really week nothing. Forward single on evening.,https://eu.ui-avatars.com/api/?name=JC&background=random&size=32,https://eu.ui-avatars.com/api/?name=JC&background=random&size=128,2023-09-11T10:37:49
78,Jennifer Williamson,F,2003-07-08,hartmanmichelle@example.com,2152022667471,Successful adult your those. Across break partner edge rock professional. Manage television or certain.,https://eu.ui-avatars.com/api/?name=JW&background=random&size=32,https://eu.ui-avatars.com/api/?name=JW&background=random&size=128,2023-09-11T10:50:44
79,Kenneth Simpson,M,1989-07-22,zwright@example.com,2560223098474,Woman situation radio. Institution so structure individual not tree stage population.,https://eu.ui-avatars.com/api/?name=KS&background=random&size=32,https://eu.ui-avatars.com/api/?name=KS&background=random&size=128,2023-09-11T10:59:54
80,Joshua Ramsey,M,1999-01-29,jimmykelly@example.net,0988741368512,Blue blue mind artist pay difficult to way.,https://eu.ui-avatars.com/api/?name=JR&background=random&size=32,https://eu.ui-avatars.com/api/?name=JR&background=random&size=128,2023-09-11T11:04:05
81,Lindsay Smith,F,1995-05-06,robin46@example.net,8072914985069,Couple talk control bank scene. Goal culture seem break business alone service.,https://eu.ui-avatars.com/api/?name=LS&background=random&size=32,https://eu.ui-avatars.com/api/?name=LS&background=random&size=128,2023-09-11T11:04:44
82,Courtney Barry,F,1980-05-23,rdoyle@example.org,5346453452620,Reduce Congress wait myself. I program affect culture.,https://eu.ui-avatars.com/api/?name=CB&background=random&size=32,https://eu.ui-avatars.com/api/?name=CB&background=random&size=128,2023-09-11T11:08:00
83,Kristin Williams,F,1947-09-06,michellewhite@example.org,6917666899406,To deal always media best exist collection operation. School finish we hospital news camera thank.,https://eu.ui-avatars.com/api/?name=KW&background=random&size=32,https://eu.ui-avatars.com/api/?name=KW&background=random&size=128,2023-09-11T11:18:49
84,Danielle Mendez,F,1960-11-17,richard26@example.org,6634370784350,Five spring president of. Say western during to keep. Answer tree how record.,https://eu.ui-avatars.com/api/?name=DM&background=random&size=32,https://eu.ui-avatars.com/api/?name=DM&background=random&size=128,2023-09-11T11:31:29
85,Marcus Johnson,M,1944-09-03,browningkyle@example.net,9357399407193,Set should off production rock tax mouth go. Per produce sure run.,https://eu.ui-avatars.com/api/?name=MJ&background=random&size=32,https://eu.ui-avatars.com/api/?name=MJ&background=random&size=128,2023-09-11T11:32:40
86,Dr. Lisa Thomas,F,1975-01-17,douglasbradley@example.com,7897746632996,After range writer about yeah check defense. Student guess product the hospital risk doctor. Least drop throw.,https://eu.ui-avatars.com/api/?name=DLT&background=random&size=32,https://eu.ui-avatars.com/api/?name=DLT&background=random&size=128,2023-09-11T11:44:37
87,Hannah Sanders,F,1986-02-26,baileyamanda@example.net,7785877211891,Manager produce interesting interesting. Yeah enjoy such cultural machine real air.,https://eu.ui-avatars.com/api/?name=HS&background=random&size=32,https://eu.ui-avatars.com/api/?name=HS&background=random&size=128,2023-09-11T11:56:52
88,Pamela Guerrero,F,1947-02-17,blong@example.net,6327363194769,Shoulder majority morning few close. Sit military probably what ever approach yes. This manage both response.,https://eu.ui-avatars.com/api/?name=PG&background=random&size=32,https://eu.ui-avatars.com/api/?name=PG&background=random&size=128,2023-09-11T11:57:17
89,Tammie Schmidt,F,1993-02-26,edwardsmith@example.org,5513122731681,Every factor rule first learn be. Entire some result generation position. Send late indicate least agree race trip.,https://eu.ui-avatars.com/api/?name=TS&background=random&size=32,https://eu.ui-avatars.com/api/?name=TS&background=random&size=128,2023-09-11T11:57:57
90,Lori Orozco,F,1945-09-08,kkrueger@example.net,4738247087593,Reflect face drive realize reveal time. Item actually phone hair get reduce number.,https://eu.ui-avatars.com/api/?name=LO&background=random&size=32,https://eu.ui-avatars.com/api/?name=LO&background=random&size=128,2023-09-11T12:08:51
91,Haley Burton,F,1982-04-26,grantkatelyn@example.net,0642684512315,Be really research whatever near. Not yard skin put when participant.,https://eu.ui-avatars.com/api/?name=HB&background=random&size=32,https://eu.ui-avatars.com/api/?name=HB&background=random&size=128,2023-09-11T12:10:15
92,Andrew Henderson,M,1965-06-03,torresapril@example.com,9934100586570,Manager wear front significant apply game pay. Reach last discover perhaps.,https://eu.ui-avatars.com/api/?name=AH&background=random&size=32,https://eu.ui-avatars.com/api/?name=AH&background=random&size=128,2023-09-11T12:20:12
93,Robert Cox,M,1985-04-10,adrian18@example.org,9098631139162,Structure attack American only together. There sport film head bed. Piece plan build determine tell onto second.,https://eu.ui-avatars.com/api/?name=RC&background=random&size=32,https://eu.ui-avatars.com/api/?name=RC&background=random&size=128,2023-09-11T12:27:45
94,Mrs. Cassandra Snyder,F,1994-11-16,jgraham@example.org,3146051189064,Ever very table shoulder threat cover. Eye teacher college score.,https://eu.ui-avatars.com/api/?name=MCS&background=random&size=32,https://eu.ui-avatars.com/api/?name=MCS&background=random&size=128,2023-09-11T12:40:07
95,Daniel Webster,M,1968-11-13,curtismullins@example.org,4055986337559,Boy over almost blue financial. Beat economic begin project free painting. Share own soldier research determine beyond.,https://eu.ui-avatars.com/api/?name=DW&background=random&size=32,https://eu.ui-avatars.com/api/?name=DW&background=random&size=128,2023-09-11T12:50:07
96,Ronald Moore,M,1986-12-18,elizabethking@example.net,4546969971304,Air worry have number foot region they. Bag Democrat box church anything message ask.,https://eu.ui-avatars.com/api/?name=RM&background=random&size=32,https://eu.ui-avatars.com/api/?name=RM&background=random&size=128,2023-09-11T13:04:50
97,Mrs. Katelyn Orozco,F,1971-02-20,victoria43@example.org,2211461021642,Run buy meeting eat entire.,https://eu.ui-avatars.com/api/?name=MKO&background=random&size=32,https://eu.ui-avatars.com/api/?name=MKO&background=random&size=128,2023-09-11T13:14:19
98,Michelle Cline,F,1985-10-13,sanderskara@example.net,1697113969753,Because PM meet discuss. Leg firm great. Machine write rise base. Product particular theory American report machine.,https://eu.ui-avatars.com/api/?name=MC&background=random&size=32,https://eu.ui-avatars.com/api/?name=MC&background=random&size=128,2023-09-11T13:23:15
99,Kari Fowler,F,1982-07-19,robertgalvan@example.net,4764486424747,Open three walk machine later. Pick bill also all.,https://eu.ui-avatars.com/api/?name=KF&background=random&size=32,https://eu.ui-avatars.com/api/?name=KF&background=random&size=128,2023-09-11T13:26:56
100,Nicholas Adams,M,2004-10-11,elizabeth54@example.com,2204867571305,Level throughout section TV guess. Inside agent sell whole.,https://eu.ui-avatars.com/api/?name=NA&background=random&size=32,https://eu.ui-avatars.com/api/?name=NA&background=random&size=128,2023-09-12T16:19:02
101,Stacey Simmons,F,1947-04-28,jeffreyjackson@example.org,4409948450860,Day simple class hear mother behind.,https://eu.ui-avatars.com/api/?name=SS&background=random&size=32,https://eu.ui-avatars.com/api/?name=SS&background=random&size=128,2023-09-14T18:19:25
102,Douglas Novak,M,1999-12-17,jaredcosta@example.com,6261999792248,Eye Mrs everybody possible. Page adult choose teacher again bar past later. Very level family.,https://eu.ui-avatars.com/api/?name=DN&background=random&size=32,https://eu.ui-avatars.com/api/?name=DN&background=random&size=128,2023-09-15T00:33:40
103,Raymond Harris,M,1950-06-17,krios@example.org,7162025208240,Their thank president owner. Human single teach far sit government positive.,https://eu.ui-avatars.com/api/?name=RH&background=random&size=32,https://eu.ui-avatars.com/api/?name=RH&background=random&size=128,2023-09-15T23:35:23
104,Mr. Aaron Farrell,M,1944-06-11,pateljesse@example.org,5693049200350,Let decide culture show prove. Picture degree beautiful film although.,https://eu.ui-avatars.com/api/?name=MAF&background=random&size=32,https://eu.ui-avatars.com/api/?name=MAF&background=random&size=128,2023-09-16T02:29:15
