Id,Email,Password
1,admin@gmail.com,admin8888
2,quangle@gmail.com,quangle
3,zaidhamasha@gmail.com,zaidhamasha
4,ychan@example.com,(S4W^up%Pr
5,charlesvillarreal@example.org,TU^5_NgZ)Y
6,wrightjordan@example.com,M0%5uEvU)6
7,christina34@example.com,!gJ6+Hr(9l
8,johntucker@example.org,R5$G+6Owv!
9,umelendez@example.net,h^)QFAFl#9
10,gloriahoward@example.org,#lyPtAu^)9
11,wheelernicholas@example.net,4!2kKVPnTa
12,gwong@example.org,RqSiuXSm@6
13,annajimenez@example.org,+f3YKxQcDH
14,nhendrix@example.org,+ST1dHqd!u
15,alexisjackson@example.net,&yih3UO*u)
16,katherinelucas@example.com,@R1+Xk%sdE
17,jamie72@example.org,&k3PBqvh1S
18,blackdennis@example.net,v@3NQo6wYb
19,qmckay@example.net,#h2pH5nuf*
20,ksmith@example.net,6$BV+bcP(F
21,brookskristen@example.net,6164KTqZ*x
22,yvetteware@example.net,L&H7S0kYN5
23,collinsrobert@example.com,)$fnKIqUu2
24,william96@example.com,xmnf4fCx)4
25,macdonalddakota@example.com,c%j8r3Eey0
26,westjulie@example.net,I1(Zo6*8^m
27,daniel13@example.com,@qC5)8yXS7
28,vberry@example.com,)g05m@VpDy
29,luis13@example.net,g&^ES8yx(0
30,hernandezdanielle@example.com,*$daLZdXi4
31,tiffany90@example.org,SRZUaXCs%8
32,charles97@example.net,!hW1UK6b#1
33,qhernandez@example.net,$s5GqrRny(
34,heidi89@example.com,)LbCQI3e&5
35,qmiller@example.com,#47O9T4aop
36,michelle86@example.com,w#23Sn5e9b
37,joseph88@example.com,@^yQvKJpx8
38,morganlogan@example.net,+M0Nfzqb$U
39,andrea39@example.net,_4%AN!ng3b
40,tfranco@example.org,Zo(_9Sa8^(
41,fpatterson@example.com,@h2BAjcx78
42,rachelsmith@example.net,@MX0uJu7^9
43,nmontgomery@example.net,L69Kx2ZyC+
44,isaacpena@example.org,$%Fh9HuPzs
45,zachary58@example.org,gk13tXnqe@
46,schultzmelissa@example.org,c)L7In&)$P
47,veronicawilson@example.com,Yxh)Sie*(2
48,jeffrey55@example.org,@4gRebkrau
49,joseph32@example.org,Uz0XSOviM#
50,ericadams@example.com,xM2CuNi!l*
51,johnsonjaclyn@example.com,yqD7MQgE&#
52,ureid@example.com,Kk$5SUtiD!
53,jbrooks@example.com,WS5W^f8nS*
54,edwardfrey@example.com,eEzSoHC3&2
55,amanda95@example.net,dS4PzYZq%C
56,kimberly13@example.org,G0Qup4pl@F
57,jamesfoster@example.com,nDp1D2lDD*
58,tamaraspears@example.net,qm*5DEv%sl
59,vmorse@example.org,pf%Z5Blmxt
60,christinajones@example.net,lvFV4oNuc#
61,gglover@example.com,#F4QvkPTse
62,rogersjohn@example.org,@3DJXyF6r(
63,elizabeth47@example.org,P2hG7Trt^h
64,schapman@example.com,op*!1IGskJ
65,raymond27@example.com,#0S^fQX498
66,markjohnson@example.com,q1f5Cwhe*K
67,xsmith@example.org,V4ggPbWW(n
68,wsmith@example.net,z7G6L)Md#W
69,michellethomas@example.com,3CRu3CsxN(
70,kellycopeland@example.com,!^0GMMTcwX
71,poncejacob@example.net,zf&92Sjsrt
72,isaac57@example.net,o&4t)Zoz)8
73,yjohnson@example.net,$u6XeqnLsz
74,rpeterson@example.org,8FBHzbpF^_
75,griffinmatthew@example.org,5%X9s0ZpqQ
76,rodriguezjessica@example.net,h9Ard#%b$+
77,aerickson@example.com,!)pL^8QiB3
78,wwalsh@example.org,&wIU94s8#8
79,jeffrey94@example.org,)2yehMoBNy
80,heather42@example.com,9d$5gOjo9%
81,grobinson@example.com,A!3Rortj8r
82,ujacobson@example.com,YzB5SJvbs)
83,jamesross@example.net,!FQpG0Vw45
84,jenniferhunt@example.org,0(US8jfr(5
85,pattersonbrenda@example.org,+uRXRZWoe0
86,hjohnson@example.com,amMPDd!M+0
87,osanchez@example.net,jg35NEmCs^
88,michael54@example.org,_A9Ur#iCIb
89,claudiamack@example.com,QfU_+2KbTA
90,hendersonpatricia@example.com,&fQh5T&Ul+
91,brucelin@example.com,8&(o9TTe%j
92,sotojasmine@example.org,!9DBxZ$NhG
93,jpeck@example.org,^_s5AFdqz*
94,hmorgan@example.com,$5xTCG)mnw
95,tmason@example.com,^7JNM8l9Zd
96,ccampbell@example.org,E2OMHmZe^Z
97,caleb29@example.com,#9CIos1xp^
98,rodriguezcatherine@example.com,mZ(2I@qx5$
99,awright@example.org,E@DY52Rz9&
100,dromero@example.com,l(Q5SYut#n
101,rfernandez@example.com,_DnUYrXh8%
102,jeffreyfoley@example.com,04ZWH2uk!G
103,joseph67@example.com,KQn86CLn$#
104,martinezdanielle@example.net,^^KJAIkp&6
105,slucas@example.org,gC_u4SPxNA
106,cynthiahess@example.org,Ny3wDH)c%H
107,christinawilliams@example.net,g(8INKZsU2
108,mwarren@example.com,Vv@%E5AjL8
109,abowers@example.net,a*9gD_auEF
110,daniel48@example.com,!Qwt&Swb)8
111,fitzpatrickwillie@example.org,4CiCjPvp(x
112,reginald95@example.com,@+Q7InC4_2
113,charlene85@example.net,)3tONvmt@v
114,aphillips@example.com,(X3MwEv5qs
115,bonderin@example.net,)624*OvJ$g
